crisis_id,crisis_name,year_month,coverage_count,log_coverage,months_since_start,is_onset,fund_required,people_affected,crisis_days,top3_outlet_ratio,post_onset_ratio,framing_ratio_economic,framing_ratio_geopolitical,framing_ratio_humanitarian
1,Afghanistan,2021-08-01,3306,8.103796712981794,0,1,3.04,22.9,1287,0.21103348590701035,0.0747,0.0,0.0,0.0
1,Afghanistan,2021-09-01,981,6.889591308354466,1,1,3.04,22.9,1287,0.21103348590701035,0.0747,0.0,0.0,0.0
1,Afghanistan,2021-10-01,305,5.723585101952381,2,1,3.04,22.9,1287,0.21103348590701035,0.0747,0.0,0.0,0.0
1,Afghanistan,2021-11-01,212,5.3612921657094255,3,1,3.04,22.9,1287,0.21103348590701035,0.0747,0.0,0.0,0.0
1,Afghanistan,2021-12-01,156,5.056245805348308,4,0,3.04,22.9,1287,0.21103348590701035,0.0747,0.0,0.0,0.0
1,Afghanistan,2022-01-01,100,4.61512051684126,5,0,3.04,22.9,1287,0.21103348590701035,0.0747,0.0,0.0,0.0
1,Afghanistan,2022-02-01,79,4.382026634673881,6,0,3.04,22.9,1287,0.21103348590701035,0.0747,0.0,0.0,0.0
1,Afghanistan,2022-03-01,59,4.0943445622221,7,0,3.04,22.9,1287,0.21103348590701035,0.0747,0.0,0.0,0.0
1,Afghanistan,2022-04-01,50,3.9318256327243257,8,0,3.04,22.9,1287,0.21103348590701035,0.0747,0.0,0.0,0.0
1,Afghanistan,2022-05-01,46,3.8501476017100584,9,0,3.04,22.9,1287,0.21103348590701035,0.0747,0.0,0.0,0.0
1,Afghanistan,2022-06-01,47,3.871201010907891,10,0,3.04,22.9,1287,0.21103348590701035,0.0747,0.0,0.0,0.0
1,Afghanistan,2022-07-01,31,3.4657359027997265,11,0,3.04,22.9,1287,0.21103348590701035,0.0747,0.0,0.0,0.0
1,Afghanistan,2022-08-01,271,5.605802066295998,12,0,3.04,22.9,1287,0.21103348590701035,0.0747,0.0,0.0,0.0
1,Afghanistan,2022-09-01,66,4.204692619390966,13,0,3.04,22.9,1287,0.21103348590701035,0.0747,0.0,0.0,0.0
1,Afghanistan,2022-10-01,38,3.6635616461296463,14,0,3.04,22.9,1287,0.21103348590701035,0.0747,0.0,0.0,0.0
1,Afghanistan,2022-11-01,48,3.8918202981106265,15,0,3.04,22.9,1287,0.21103348590701035,0.0747,0.0,0.0,0.0
1,Afghanistan,2022-12-01,63,4.1588830833596715,16,0,3.04,22.9,1287,0.21103348590701035,0.0747,0.0,0.0,0.0
1,Afghanistan,2023-01-01,84,4.442651256490317,17,0,3.04,22.9,1287,0.21103348590701035,0.0747,0.0,0.0,0.0
1,Afghanistan,2023-02-01,60,4.110873864173311,18,0,3.04,22.9,1287,0.21103348590701035,0.0747,0.0,0.0,0.0
1,Afghanistan,2023-03-01,89,4.499809670330265,19,0,3.04,22.9,1287,0.21103348590701035,0.0747,0.0,0.0,0.0
1,Afghanistan,2023-04-01,85,4.454347296253507,20,0,3.04,22.9,1287,0.21103348590701035,0.0747,0.0,0.0,0.0
1,Afghanistan,2023-05-01,49,3.912023005428146,21,0,3.04,22.9,1287,0.21103348590701035,0.0747,0.0,0.0,0.0
1,Afghanistan,2023-06-01,55,4.02535169073515,22,0,3.04,22.9,1287,0.21103348590701035,0.0747,0.0,0.0,0.0
1,Afghanistan,2023-07-01,55,4.02535169073515,23,0,3.04,22.9,1287,0.21103348590701035,0.0747,0.0,0.0,0.0
1,Afghanistan,2023-08-01,179,5.19295685089021,24,0,3.04,22.9,1287,0.21103348590701035,0.0747,0.0,0.0,0.0
1,Afghanistan,2023-09-01,56,4.04305126783455,25,0,3.04,22.9,1287,0.21103348590701035,0.0747,0.0,0.0,0.0
1,Afghanistan,2023-10-01,67,4.219507705176107,26,0,3.04,22.9,1287,0.21103348590701035,0.0747,0.0,0.0,0.0
1,Afghanistan,2023-11-01,82,4.418840607796598,27,0,3.04,22.9,1287,0.21103348590701035,0.0747,0.0,0.0,0.0
1,Afghanistan,2023-12-01,51,3.9512437185814275,28,0,3.04,22.9,1287,0.21103348590701035,0.0747,0.0,0.0,0.0
1,Afghanistan,2024-01-01,43,3.784189633918261,29,0,3.04,22.9,1287,0.21103348590701035,0.0747,0.0,0.0,0.0
1,Afghanistan,2024-02-01,34,3.5553480614894135,30,0,3.04,22.9,1287,0.21103348590701035,0.0747,0.0,0.0,0.0
1,Afghanistan,2024-03-01,97,4.584967478670572,31,0,3.04,22.9,1287,0.21103348590701035,0.0747,0.0,0.0,0.0
1,Afghanistan,2024-04-01,34,3.5553480614894135,32,0,3.04,22.9,1287,0.21103348590701035,0.0747,0.0,0.0,0.0
1,Afghanistan,2024-05-01,56,4.04305126783455,33,0,3.04,22.9,1287,0.21103348590701035,0.0747,0.0,0.0,0.0
1,Afghanistan,2024-06-01,63,4.1588830833596715,34,0,3.04,22.9,1287,0.21103348590701035,0.0747,0.0,0.0,0.0
1,Afghanistan,2024-07-01,42,3.7612001156935624,35,0,3.04,22.9,1287,0.21103348590701035,0.0747,0.0,0.0,0.0
1,Afghanistan,2024-08-01,220,5.3981627015177525,36,0,3.04,22.9,1287,0.21103348590701035,0.0747,0.0,0.0,0.0
1,Afghanistan,2024-09-01,127,4.852030263919617,37,0,3.04,22.9,1287,0.21103348590701035,0.0747,0.0,0.0,0.0
1,Afghanistan,2024-10-01,81,4.406719247264253,38,0,3.04,22.9,1287,0.21103348590701035,0.0747,0.0,0.0,0.0
1,Afghanistan,2024-11-01,65,4.189654742026425,39,0,3.04,22.9,1287,0.21103348590701035,0.0747,0.0,0.0,0.0
1,Afghanistan,2024-12-01,52,3.970291913552122,40,0,3.04,22.9,1287,0.21103348590701035,0.0747,0.0,0.0,0.0
1,Afghanistan,2025-01-01,354,5.872117789475416,41,0,3.04,22.9,1287,0.21103348590701035,0.0747,0.0,0.0,0.0
1,Afghanistan,2025-02-01,264,5.579729825986222,42,0,3.04,22.9,1287,0.21103348590701035,0.0747,0.0,0.0,0.0
2,Chad,2009-08-01,1,0.6931471805599453,1,1,1.5,7.8,5701,0.3553008595988539,0.9899,0.0,0.0,0.0
2,Chad,2009-10-01,4,1.6094379124341003,3,1,1.5,7.8,5701,0.3553008595988539,0.9899,0.0,0.0,0.0
2,Chad,2009-11-01,1,0.6931471805599453,4,0,1.5,7.8,5701,0.3553008595988539,0.9899,0.0,0.0,0.0
2,Chad,2010-02-01,1,0.6931471805599453,7,0,1.5,7.8,5701,0.3553008595988539,0.9899,0.0,0.0,0.0
2,Chad,2010-06-01,1,0.6931471805599453,11,0,1.5,7.8,5701,0.3553008595988539,0.9899,0.0,0.0,0.0
2,Chad,2010-08-01,1,0.6931471805599453,13,0,1.5,7.8,5701,0.3553008595988539,0.9899,0.0,0.0,0.0
2,Chad,2010-09-01,1,0.6931471805599453,14,0,1.5,7.8,5701,0.3553008595988539,0.9899,0.0,0.0,0.0
2,Chad,2011-03-01,1,0.6931471805599453,20,0,1.5,7.8,5701,0.3553008595988539,0.9899,0.0,0.0,0.0
2,Chad,2011-04-01,3,1.3862943611198906,21,0,1.5,7.8,5701,0.3553008595988539,0.9899,0.0,0.0,0.0
2,Chad,2011-06-01,1,0.6931471805599453,23,0,1.5,7.8,5701,0.3553008595988539,0.9899,0.0,0.0,0.0
2,Chad,2011-07-01,2,1.0986122886681098,24,0,1.5,7.8,5701,0.3553008595988539,0.9899,0.0,0.0,0.0
2,Chad,2011-08-01,1,0.6931471805599453,25,0,1.5,7.8,5701,0.3553008595988539,0.9899,0.0,0.0,0.0
2,Chad,2011-12-01,1,0.6931471805599453,29,0,1.5,7.8,5701,0.3553008595988539,0.9899,0.0,0.0,0.0
2,Chad,2012-01-01,2,1.0986122886681098,30,0,1.5,7.8,5701,0.3553008595988539,0.9899,0.0,0.0,0.0
2,Chad,2012-04-01,1,0.6931471805599453,33,0,1.5,7.8,5701,0.3553008595988539,0.9899,0.0,0.0,0.0
2,Chad,2012-06-01,1,0.6931471805599453,35,0,1.5,7.8,5701,0.3553008595988539,0.9899,0.0,0.0,0.0
2,Chad,2012-07-01,2,1.0986122886681098,36,0,1.5,7.8,5701,0.3553008595988539,0.9899,0.0,0.0,0.0
2,Chad,2012-08-01,3,1.3862943611198906,37,0,1.5,7.8,5701,0.3553008595988539,0.9899,0.0,0.0,0.0
2,Chad,2012-09-01,1,0.6931471805599453,38,0,1.5,7.8,5701,0.3553008595988539,0.9899,0.0,0.0,0.0
2,Chad,2012-10-01,1,0.6931471805599453,39,0,1.5,7.8,5701,0.3553008595988539,0.9899,0.0,0.0,0.0
2,Chad,2012-12-01,1,0.6931471805599453,41,0,1.5,7.8,5701,0.3553008595988539,0.9899,0.0,0.0,0.0
2,Chad,2013-02-01,7,2.0794415416798357,43,0,1.5,7.8,5701,0.3553008595988539,0.9899,0.0,0.0,0.0
2,Chad,2013-03-01,1,0.6931471805599453,44,0,1.5,7.8,5701,0.3553008595988539,0.9899,0.0,0.0,0.0
2,Chad,2013-04-01,1,0.6931471805599453,45,0,1.5,7.8,5701,0.3553008595988539,0.9899,0.0,0.0,0.0
2,Chad,2013-06-01,3,1.3862943611198906,47,0,1.5,7.8,5701,0.3553008595988539,0.9899,0.0,0.0,0.0
2,Chad,2013-07-01,4,1.6094379124341003,48,0,1.5,7.8,5701,0.3553008595988539,0.9899,0.0,0.0,0.0
2,Chad,2013-08-01,1,0.6931471805599453,49,0,1.5,7.8,5701,0.3553008595988539,0.9899,0.0,0.0,0.0
2,Chad,2013-10-01,1,0.6931471805599453,51,0,1.5,7.8,5701,0.3553008595988539,0.9899,0.0,0.0,0.0
2,Chad,2013-11-01,2,1.0986122886681098,52,0,1.5,7.8,5701,0.3553008595988539,0.9899,0.0,0.0,0.0
2,Chad,2013-12-01,1,0.6931471805599453,53,0,1.5,7.8,5701,0.3553008595988539,0.9899,0.0,0.0,0.0
2,Chad,2014-03-01,2,1.0986122886681098,56,0,1.5,7.8,5701,0.3553008595988539,0.9899,0.0,0.0,0.0
2,Chad,2014-04-01,2,1.0986122886681098,57,0,1.5,7.8,5701,0.3553008595988539,0.9899,0.0,0.0,0.0
2,Chad,2014-05-01,3,1.3862943611198906,58,0,1.5,7.8,5701,0.3553008595988539,0.9899,0.0,0.0,0.0
2,Chad,2014-07-01,3,1.3862943611198906,60,0,1.5,7.8,5701,0.3553008595988539,0.9899,0.0,0.0,0.0
2,Chad,2014-08-01,1,0.6931471805599453,61,0,1.5,7.8,5701,0.3553008595988539,0.9899,0.0,0.0,0.0
2,Chad,2014-09-01,1,0.6931471805599453,62,0,1.5,7.8,5701,0.3553008595988539,0.9899,0.0,0.0,0.0
2,Chad,2014-10-01,4,1.6094379124341003,63,0,1.5,7.8,5701,0.3553008595988539,0.9899,0.0,0.0,0.0
2,Chad,2014-11-01,2,1.0986122886681098,64,0,1.5,7.8,5701,0.3553008595988539,0.9899,0.0,0.0,0.0
2,Chad,2014-12-01,1,0.6931471805599453,65,0,1.5,7.8,5701,0.3553008595988539,0.9899,0.0,0.0,0.0
2,Chad,2015-01-01,7,2.0794415416798357,66,0,1.5,7.8,5701,0.3553008595988539,0.9899,0.0,0.0,0.0
2,Chad,2015-02-01,10,2.3978952727983707,67,0,1.5,7.8,5701,0.3553008595988539,0.9899,0.0,0.0,0.0
2,Chad,2015-03-01,4,1.6094379124341003,68,0,1.5,7.8,5701,0.3553008595988539,0.9899,0.0,0.0,0.0
2,Chad,2015-04-01,3,1.3862943611198906,69,0,1.5,7.8,5701,0.3553008595988539,0.9899,0.0,0.0,0.0
2,Chad,2015-05-01,2,1.0986122886681098,70,0,1.5,7.8,5701,0.3553008595988539,0.9899,0.0,0.0,0.0
2,Chad,2015-06-01,2,1.0986122886681098,71,0,1.5,7.8,5701,0.3553008595988539,0.9899,0.0,0.0,0.0
2,Chad,2015-07-01,3,1.3862943611198906,72,0,1.5,7.8,5701,0.3553008595988539,0.9899,0.0,0.0,0.0
2,Chad,2015-08-01,5,1.791759469228055,73,0,1.5,7.8,5701,0.3553008595988539,0.9899,0.0,0.0,0.0
2,Chad,2015-09-01,3,1.3862943611198906,74,0,1.5,7.8,5701,0.3553008595988539,0.9899,0.0,0.0,0.0
2,Chad,2015-10-01,3,1.3862943611198906,75,0,1.5,7.8,5701,0.3553008595988539,0.9899,0.0,0.0,0.0
2,Chad,2015-11-01,3,1.3862943611198906,76,0,1.5,7.8,5701,0.3553008595988539,0.9899,0.0,0.0,0.0
2,Chad,2015-12-01,2,1.0986122886681098,77,0,1.5,7.8,5701,0.3553008595988539,0.9899,0.0,0.0,0.0
2,Chad,2016-01-01,1,0.6931471805599453,78,0,1.5,7.8,5701,0.3553008595988539,0.9899,0.0,0.0,0.0
2,Chad,2016-02-01,2,1.0986122886681098,79,0,1.5,7.8,5701,0.3553008595988539,0.9899,0.0,0.0,0.0
2,Chad,2016-03-01,1,0.6931471805599453,80,0,1.5,7.8,5701,0.3553008595988539,0.9899,0.0,0.0,0.0
2,Chad,2016-04-01,1,0.6931471805599453,81,0,1.5,7.8,5701,0.3553008595988539,0.9899,0.0,0.0,0.0
2,Chad,2016-05-01,2,1.0986122886681098,82,0,1.5,7.8,5701,0.3553008595988539,0.9899,0.0,0.0,0.0
2,Chad,2016-07-01,1,0.6931471805599453,84,0,1.5,7.8,5701,0.3553008595988539,0.9899,0.0,0.0,0.0
2,Chad,2016-08-01,2,1.0986122886681098,85,0,1.5,7.8,5701,0.3553008595988539,0.9899,0.0,0.0,0.0
2,Chad,2016-09-01,1,0.6931471805599453,86,0,1.5,7.8,5701,0.3553008595988539,0.9899,0.0,0.0,0.0
2,Chad,2016-11-01,1,0.6931471805599453,88,0,1.5,7.8,5701,0.3553008595988539,0.9899,0.0,0.0,0.0
2,Chad,2016-12-01,3,1.3862943611198906,89,0,1.5,7.8,5701,0.3553008595988539,0.9899,0.0,0.0,0.0
2,Chad,2017-01-01,2,1.0986122886681098,90,0,1.5,7.8,5701,0.3553008595988539,0.9899,0.0,0.0,0.0
2,Chad,2017-04-01,1,0.6931471805599453,93,0,1.5,7.8,5701,0.3553008595988539,0.9899,0.0,0.0,0.0
2,Chad,2017-05-01,3,1.3862943611198906,94,0,1.5,7.8,5701,0.3553008595988539,0.9899,0.0,0.0,0.0
2,Chad,2017-06-01,5,1.791759469228055,95,0,1.5,7.8,5701,0.3553008595988539,0.9899,0.0,0.0,0.0
2,Chad,2017-07-01,1,0.6931471805599453,96,0,1.5,7.8,5701,0.3553008595988539,0.9899,0.0,0.0,0.0
2,Chad,2017-08-01,1,0.6931471805599453,97,0,1.5,7.8,5701,0.3553008595988539,0.9899,0.0,0.0,0.0
2,Chad,2017-09-01,3,1.3862943611198906,98,0,1.5,7.8,5701,0.3553008595988539,0.9899,0.0,0.0,0.0
2,Chad,2017-10-01,2,1.0986122886681098,99,0,1.5,7.8,5701,0.3553008595988539,0.9899,0.0,0.0,0.0
2,Chad,2017-11-01,5,1.791759469228055,100,0,1.5,7.8,5701,0.3553008595988539,0.9899,0.0,0.0,0.0
2,Chad,2017-12-01,1,0.6931471805599453,101,0,1.5,7.8,5701,0.3553008595988539,0.9899,0.0,0.0,0.0
2,Chad,2018-02-01,1,0.6931471805599453,103,0,1.5,7.8,5701,0.3553008595988539,0.9899,0.0,0.0,0.0
2,Chad,2018-04-01,2,1.0986122886681098,105,0,1.5,7.8,5701,0.3553008595988539,0.9899,0.0,0.0,0.0
2,Chad,2018-06-01,2,1.0986122886681098,107,0,1.5,7.8,5701,0.3553008595988539,0.9899,0.0,0.0,0.0
2,Chad,2018-07-01,2,1.0986122886681098,108,0,1.5,7.8,5701,0.3553008595988539,0.9899,0.0,0.0,0.0
2,Chad,2018-08-01,3,1.3862943611198906,109,0,1.5,7.8,5701,0.3553008595988539,0.9899,0.0,0.0,0.0
2,Chad,2018-09-01,6,1.9459101490553132,110,0,1.5,7.8,5701,0.3553008595988539,0.9899,0.0,0.0,0.0
2,Chad,2018-10-01,1,0.6931471805599453,111,0,1.5,7.8,5701,0.3553008595988539,0.9899,0.0,0.0,0.0
2,Chad,2018-12-01,3,1.3862943611198906,113,0,1.5,7.8,5701,0.3553008595988539,0.9899,0.0,0.0,0.0
2,Chad,2019-01-01,1,0.6931471805599453,114,0,1.5,7.8,5701,0.3553008595988539,0.9899,0.0,0.0,0.0
2,Chad,2019-02-01,2,1.0986122886681098,115,0,1.5,7.8,5701,0.3553008595988539,0.9899,0.0,0.0,0.0
2,Chad,2019-03-01,1,0.6931471805599453,116,0,1.5,7.8,5701,0.3553008595988539,0.9899,0.0,0.0,0.0
2,Chad,2019-04-01,1,0.6931471805599453,117,0,1.5,7.8,5701,0.3553008595988539,0.9899,0.0,0.0,0.0
2,Chad,2019-05-01,1,0.6931471805599453,118,0,1.5,7.8,5701,0.3553008595988539,0.9899,0.0,0.0,0.0
2,Chad,2019-07-01,5,1.791759469228055,120,0,1.5,7.8,5701,0.3553008595988539,0.9899,0.0,0.0,0.0
2,Chad,2019-11-01,1,0.6931471805599453,124,0,1.5,7.8,5701,0.3553008595988539,0.9899,0.0,0.0,0.0
2,Chad,2019-12-01,2,1.0986122886681098,125,0,1.5,7.8,5701,0.3553008595988539,0.9899,0.0,0.0,0.0
2,Chad,2020-01-01,2,1.0986122886681098,126,0,1.5,7.8,5701,0.3553008595988539,0.9899,0.0,0.0,0.0
2,Chad,2020-02-01,1,0.6931471805599453,127,0,1.5,7.8,5701,0.3553008595988539,0.9899,0.0,0.0,0.0
2,Chad,2020-03-01,5,1.791759469228055,128,0,1.5,7.8,5701,0.3553008595988539,0.9899,0.0,0.0,0.0
2,Chad,2020-05-01,1,0.6931471805599453,130,0,1.5,7.8,5701,0.3553008595988539,0.9899,0.0,0.0,0.0
2,Chad,2020-06-01,1,0.6931471805599453,131,0,1.5,7.8,5701,0.3553008595988539,0.9899,0.0,0.0,0.0
2,Chad,2020-07-01,3,1.3862943611198906,132,0,1.5,7.8,5701,0.3553008595988539,0.9899,0.0,0.0,0.0
2,Chad,2020-08-01,3,1.3862943611198906,133,0,1.5,7.8,5701,0.3553008595988539,0.9899,0.0,0.0,0.0
2,Chad,2020-09-01,2,1.0986122886681098,134,0,1.5,7.8,5701,0.3553008595988539,0.9899,0.0,0.0,0.0
2,Chad,2020-10-01,1,0.6931471805599453,135,0,1.5,7.8,5701,0.3553008595988539,0.9899,0.0,0.0,0.0
2,Chad,2020-12-01,1,0.6931471805599453,137,0,1.5,7.8,5701,0.3553008595988539,0.9899,0.0,0.0,0.0
2,Chad,2021-01-01,3,1.3862943611198906,138,0,1.5,7.8,5701,0.3553008595988539,0.9899,0.0,0.0,0.0
2,Chad,2021-02-01,4,1.6094379124341003,139,0,1.5,7.8,5701,0.3553008595988539,0.9899,0.0,0.0,0.0
2,Chad,2021-04-01,6,1.9459101490553132,141,0,1.5,7.8,5701,0.3553008595988539,0.9899,0.0,0.0,0.0
2,Chad,2021-05-01,5,1.791759469228055,142,0,1.5,7.8,5701,0.3553008595988539,0.9899,0.0,0.0,0.0
2,Chad,2021-06-01,1,0.6931471805599453,143,0,1.5,7.8,5701,0.3553008595988539,0.9899,0.0,0.0,0.0
2,Chad,2021-07-01,1,0.6931471805599453,144,0,1.5,7.8,5701,0.3553008595988539,0.9899,0.0,0.0,0.0
2,Chad,2021-08-01,1,0.6931471805599453,145,0,1.5,7.8,5701,0.3553008595988539,0.9899,0.0,0.0,0.0
2,Chad,2021-09-01,1,0.6931471805599453,146,0,1.5,7.8,5701,0.3553008595988539,0.9899,0.0,0.0,0.0
2,Chad,2021-10-01,1,0.6931471805599453,147,0,1.5,7.8,5701,0.3553008595988539,0.9899,0.0,0.0,0.0
2,Chad,2021-11-01,2,1.0986122886681098,148,0,1.5,7.8,5701,0.3553008595988539,0.9899,0.0,0.0,0.0
2,Chad,2021-12-01,1,0.6931471805599453,149,0,1.5,7.8,5701,0.3553008595988539,0.9899,0.0,0.0,0.0
2,Chad,2022-02-01,4,1.6094379124341003,151,0,1.5,7.8,5701,0.3553008595988539,0.9899,0.0,0.0,0.0
2,Chad,2022-03-01,1,0.6931471805599453,152,0,1.5,7.8,5701,0.3553008595988539,0.9899,0.0,0.0,0.0
2,Chad,2022-04-01,3,1.3862943611198906,153,0,1.5,7.8,5701,0.3553008595988539,0.9899,0.0,0.0,0.0
2,Chad,2022-05-01,2,1.0986122886681098,154,0,1.5,7.8,5701,0.3553008595988539,0.9899,0.0,0.0,0.0
2,Chad,2022-07-01,2,1.0986122886681098,156,0,1.5,7.8,5701,0.3553008595988539,0.9899,0.0,0.0,0.0
2,Chad,2022-08-01,4,1.6094379124341003,157,0,1.5,7.8,5701,0.3553008595988539,0.9899,0.0,0.0,0.0
2,Chad,2022-09-01,1,0.6931471805599453,158,0,1.5,7.8,5701,0.3553008595988539,0.9899,0.0,0.0,0.0
2,Chad,2022-10-01,1,0.6931471805599453,159,0,1.5,7.8,5701,0.3553008595988539,0.9899,0.0,0.0,0.0
2,Chad,2022-11-01,1,0.6931471805599453,160,0,1.5,7.8,5701,0.3553008595988539,0.9899,0.0,0.0,0.0
2,Chad,2022-12-01,1,0.6931471805599453,161,0,1.5,7.8,5701,0.3553008595988539,0.9899,0.0,0.0,0.0
2,Chad,2023-01-01,1,0.6931471805599453,162,0,1.5,7.8,5701,0.3553008595988539,0.9899,0.0,0.0,0.0
2,Chad,2023-02-01,2,1.0986122886681098,163,0,1.5,7.8,5701,0.3553008595988539,0.9899,0.0,0.0,0.0
2,Chad,2023-04-01,1,0.6931471805599453,165,0,1.5,7.8,5701,0.3553008595988539,0.9899,0.0,0.0,0.0
2,Chad,2023-05-01,4,1.6094379124341003,166,0,1.5,7.8,5701,0.3553008595988539,0.9899,0.0,0.0,0.0
2,Chad,2023-06-01,5,1.791759469228055,167,0,1.5,7.8,5701,0.3553008595988539,0.9899,0.0,0.0,0.0
2,Chad,2023-07-01,5,1.791759469228055,168,0,1.5,7.8,5701,0.3553008595988539,0.9899,0.0,0.0,0.0
2,Chad,2023-08-01,4,1.6094379124341003,169,0,1.5,7.8,5701,0.3553008595988539,0.9899,0.0,0.0,0.0
2,Chad,2023-09-01,2,1.0986122886681098,170,0,1.5,7.8,5701,0.3553008595988539,0.9899,0.0,0.0,0.0
2,Chad,2023-11-01,2,1.0986122886681098,172,0,1.5,7.8,5701,0.3553008595988539,0.9899,0.0,0.0,0.0
2,Chad,2023-12-01,1,0.6931471805599453,173,0,1.5,7.8,5701,0.3553008595988539,0.9899,0.0,0.0,0.0
2,Chad,2024-01-01,1,0.6931471805599453,174,0,1.5,7.8,5701,0.3553008595988539,0.9899,0.0,0.0,0.0
2,Chad,2024-02-01,3,1.3862943611198906,175,0,1.5,7.8,5701,0.3553008595988539,0.9899,0.0,0.0,0.0
2,Chad,2024-03-01,6,1.9459101490553132,176,0,1.5,7.8,5701,0.3553008595988539,0.9899,0.0,0.0,0.0
2,Chad,2024-05-01,3,1.3862943611198906,178,0,1.5,7.8,5701,0.3553008595988539,0.9899,0.0,0.0,0.0
2,Chad,2024-06-01,1,0.6931471805599453,179,0,1.5,7.8,5701,0.3553008595988539,0.9899,0.0,0.0,0.0
2,Chad,2024-07-01,6,1.9459101490553132,180,0,1.5,7.8,5701,0.3553008595988539,0.9899,0.0,0.0,0.0
2,Chad,2024-08-01,2,1.0986122886681098,181,0,1.5,7.8,5701,0.3553008595988539,0.9899,0.0,0.0,0.0
2,Chad,2024-09-01,6,1.9459101490553132,182,0,1.5,7.8,5701,0.3553008595988539,0.9899,0.0,0.0,0.0
2,Chad,2024-10-01,4,1.6094379124341003,183,0,1.5,7.8,5701,0.3553008595988539,0.9899,0.0,0.0,0.0
2,Chad,2024-11-01,9,2.302585092994046,184,0,1.5,7.8,5701,0.3553008595988539,0.9899,0.0,0.0,0.0
2,Chad,2024-12-01,1,0.6931471805599453,185,0,1.5,7.8,5701,0.3553008595988539,0.9899,0.0,0.0,0.0
2,Chad,2025-01-01,11,2.4849066497880004,186,0,1.5,7.8,5701,0.3553008595988539,0.9899,0.0,0.0,0.0
2,Chad,2025-02-01,12,2.5649493574615367,187,0,1.5,7.8,5701,0.3553008595988539,0.9899,0.0,0.0,0.0
3,Democratic Republic of the Congo,2022-03-01,50,3.9318256327243257,0,1,3.23,21.2,1075,0.45379746835443036,0.8675,0.0,0.0,0.0
3,Democratic Republic of the Congo,2022-04-01,37,3.6375861597263857,1,1,3.23,21.2,1075,0.45379746835443036,0.8675,0.0,0.0,0.0
3,Democratic Republic of the Congo,2022-05-01,49,3.912023005428146,2,1,3.23,21.2,1075,0.45379746835443036,0.8675,0.0,0.0,0.0
3,Democratic Republic of the Congo,2022-06-01,63,4.1588830833596715,3,1,3.23,21.2,1075,0.45379746835443036,0.8675,0.0,0.0,0.0
3,Democratic Republic of the Congo,2022-07-01,49,3.912023005428146,4,0,3.23,21.2,1075,0.45379746835443036,0.8675,0.0,0.0,0.0
3,Democratic Republic of the Congo,2022-08-01,38,3.6635616461296463,5,0,3.23,21.2,1075,0.45379746835443036,0.8675,0.0,0.0,0.0
3,Democratic Republic of the Congo,2022-09-01,28,3.367295829986474,6,0,3.23,21.2,1075,0.45379746835443036,0.8675,0.0,0.0,0.0
3,Democratic Republic of the Congo,2022-10-01,46,3.8501476017100584,7,0,3.23,21.2,1075,0.45379746835443036,0.8675,0.0,0.0,0.0
3,Democratic Republic of the Congo,2022-11-01,42,3.7612001156935624,8,0,3.23,21.2,1075,0.45379746835443036,0.8675,0.0,0.0,0.0
3,Democratic Republic of the Congo,2022-12-01,54,4.007333185232471,9,0,3.23,21.2,1075,0.45379746835443036,0.8675,0.0,0.0,0.0
3,Democratic Republic of the Congo,2023-01-01,38,3.6635616461296463,10,0,3.23,21.2,1075,0.45379746835443036,0.8675,0.0,0.0,0.0
3,Democratic Republic of the Congo,2023-02-01,25,3.258096538021482,11,0,3.23,21.2,1075,0.45379746835443036,0.8675,0.0,0.0,0.0
3,Democratic Republic of the Congo,2023-03-01,20,3.044522437723423,12,0,3.23,21.2,1075,0.45379746835443036,0.8675,0.0,0.0,0.0
3,Democratic Republic of the Congo,2023-04-01,13,2.6390573296152584,13,0,3.23,21.2,1075,0.45379746835443036,0.8675,0.0,0.0,0.0
3,Democratic Republic of the Congo,2023-05-01,14,2.70805020110221,14,0,3.23,21.2,1075,0.45379746835443036,0.8675,0.0,0.0,0.0
3,Democratic Republic of the Congo,2023-06-01,19,2.995732273553991,15,0,3.23,21.2,1075,0.45379746835443036,0.8675,0.0,0.0,0.0
3,Democratic Republic of the Congo,2023-07-01,6,1.9459101490553132,16,0,3.23,21.2,1075,0.45379746835443036,0.8675,0.0,0.0,0.0
3,Democratic Republic of the Congo,2023-08-01,13,2.6390573296152584,17,0,3.23,21.2,1075,0.45379746835443036,0.8675,0.0,0.0,0.0
3,Democratic Republic of the Congo,2023-09-01,13,2.6390573296152584,18,0,3.23,21.2,1075,0.45379746835443036,0.8675,0.0,0.0,0.0
3,Democratic Republic of the Congo,2023-10-01,22,3.1354942159291497,19,0,3.23,21.2,1075,0.45379746835443036,0.8675,0.0,0.0,0.0
3,Democratic Republic of the Congo,2023-11-01,15,2.772588722239781,20,0,3.23,21.2,1075,0.45379746835443036,0.8675,0.0,0.0,0.0
3,Democratic Republic of the Congo,2023-12-01,26,3.295836866004329,21,0,3.23,21.2,1075,0.45379746835443036,0.8675,0.0,0.0,0.0
3,Democratic Republic of the Congo,2024-01-01,16,2.833213344056216,22,0,3.23,21.2,1075,0.45379746835443036,0.8675,0.0,0.0,0.0
3,Democratic Republic of the Congo,2024-02-01,37,3.6375861597263857,23,0,3.23,21.2,1075,0.45379746835443036,0.8675,0.0,0.0,0.0
3,Democratic Republic of the Congo,2024-03-01,13,2.6390573296152584,24,0,3.23,21.2,1075,0.45379746835443036,0.8675,0.0,0.0,0.0
3,Democratic Republic of the Congo,2024-04-01,30,3.4339872044851463,25,0,3.23,21.2,1075,0.45379746835443036,0.8675,0.0,0.0,0.0
3,Democratic Republic of the Congo,2024-05-01,36,3.6109179126442243,26,0,3.23,21.2,1075,0.45379746835443036,0.8675,0.0,0.0,0.0
3,Democratic Republic of the Congo,2024-06-01,24,3.2188758248682006,27,0,3.23,21.2,1075,0.45379746835443036,0.8675,0.0,0.0,0.0
3,Democratic Republic of the Congo,2024-07-01,24,3.2188758248682006,28,0,3.23,21.2,1075,0.45379746835443036,0.8675,0.0,0.0,0.0
3,Democratic Republic of the Congo,2024-08-01,120,4.795790545596741,29,0,3.23,21.2,1075,0.45379746835443036,0.8675,0.0,0.0,0.0
3,Democratic Republic of the Congo,2024-09-01,49,3.912023005428146,30,0,3.23,21.2,1075,0.45379746835443036,0.8675,0.0,0.0,0.0
3,Democratic Republic of the Congo,2024-10-01,37,3.6375861597263857,31,0,3.23,21.2,1075,0.45379746835443036,0.8675,0.0,0.0,0.0
3,Democratic Republic of the Congo,2024-11-01,26,3.295836866004329,32,0,3.23,21.2,1075,0.45379746835443036,0.8675,0.0,0.0,0.0
3,Democratic Republic of the Congo,2024-12-01,20,3.044522437723423,33,0,3.23,21.2,1075,0.45379746835443036,0.8675,0.0,0.0,0.0
3,Democratic Republic of the Congo,2025-01-01,73,4.30406509320417,34,0,3.23,21.2,1075,0.45379746835443036,0.8675,0.0,0.0,0.0
3,Democratic Republic of the Congo,2025-02-01,395,5.981414211254481,35,0,3.23,21.2,1075,0.45379746835443036,0.8675,0.0,0.0,0.0
4,Ethiopia,2020-11-01,249,5.521460917862246,0,1,2.0,10.0,1560,0.5519523494374586,0.2102,0.0,0.0,0.0
4,Ethiopia,2020-12-01,105,4.663439094112067,1,1,2.0,10.0,1560,0.5519523494374586,0.2102,0.0,0.0,0.0
4,Ethiopia,2021-01-01,38,3.6635616461296463,2,1,2.0,10.0,1560,0.5519523494374586,0.2102,0.0,0.0,0.0
4,Ethiopia,2021-02-01,37,3.6375861597263857,3,1,2.0,10.0,1560,0.5519523494374586,0.2102,0.0,0.0,0.0
4,Ethiopia,2021-03-01,35,3.58351893845611,4,0,2.0,10.0,1560,0.5519523494374586,0.2102,0.0,0.0,0.0
4,Ethiopia,2021-04-01,20,3.044522437723423,5,0,2.0,10.0,1560,0.5519523494374586,0.2102,0.0,0.0,0.0
4,Ethiopia,2021-05-01,29,3.4011973816621555,6,0,2.0,10.0,1560,0.5519523494374586,0.2102,0.0,0.0,0.0
4,Ethiopia,2021-06-01,48,3.8918202981106265,7,0,2.0,10.0,1560,0.5519523494374586,0.2102,0.0,0.0,0.0
4,Ethiopia,2021-07-01,36,3.6109179126442243,8,0,2.0,10.0,1560,0.5519523494374586,0.2102,0.0,0.0,0.0
4,Ethiopia,2021-08-01,22,3.1354942159291497,9,0,2.0,10.0,1560,0.5519523494374586,0.2102,0.0,0.0,0.0
4,Ethiopia,2021-09-01,21,3.091042453358316,10,0,2.0,10.0,1560,0.5519523494374586,0.2102,0.0,0.0,0.0
4,Ethiopia,2021-10-01,27,3.332204510175204,11,0,2.0,10.0,1560,0.5519523494374586,0.2102,0.0,0.0,0.0
4,Ethiopia,2021-11-01,110,4.709530201312334,12,0,2.0,10.0,1560,0.5519523494374586,0.2102,0.0,0.0,0.0
4,Ethiopia,2021-12-01,34,3.5553480614894135,13,0,2.0,10.0,1560,0.5519523494374586,0.2102,0.0,0.0,0.0
4,Ethiopia,2022-01-01,42,3.7612001156935624,14,0,2.0,10.0,1560,0.5519523494374586,0.2102,0.0,0.0,0.0
4,Ethiopia,2022-02-01,25,3.258096538021482,15,0,2.0,10.0,1560,0.5519523494374586,0.2102,0.0,0.0,0.0
4,Ethiopia,2022-03-01,25,3.258096538021482,16,0,2.0,10.0,1560,0.5519523494374586,0.2102,0.0,0.0,0.0
4,Ethiopia,2022-04-01,25,3.258096538021482,17,0,2.0,10.0,1560,0.5519523494374586,0.2102,0.0,0.0,0.0
4,Ethiopia,2022-05-01,20,3.044522437723423,18,0,2.0,10.0,1560,0.5519523494374586,0.2102,0.0,0.0,0.0
4,Ethiopia,2022-06-01,20,3.044522437723423,19,0,2.0,10.0,1560,0.5519523494374586,0.2102,0.0,0.0,0.0
4,Ethiopia,2022-07-01,19,2.995732273553991,20,0,2.0,10.0,1560,0.5519523494374586,0.2102,0.0,0.0,0.0
4,Ethiopia,2022-08-01,26,3.295836866004329,21,0,2.0,10.0,1560,0.5519523494374586,0.2102,0.0,0.0,0.0
4,Ethiopia,2022-09-01,22,3.1354942159291497,22,0,2.0,10.0,1560,0.5519523494374586,0.2102,0.0,0.0,0.0
4,Ethiopia,2022-10-01,32,3.4965075614664802,23,0,2.0,10.0,1560,0.5519523494374586,0.2102,0.0,0.0,0.0
4,Ethiopia,2022-11-01,41,3.7376696182833684,24,0,2.0,10.0,1560,0.5519523494374586,0.2102,0.0,0.0,0.0
4,Ethiopia,2022-12-01,17,2.8903717578961645,25,0,2.0,10.0,1560,0.5519523494374586,0.2102,0.0,0.0,0.0
4,Ethiopia,2023-01-01,15,2.772588722239781,26,0,2.0,10.0,1560,0.5519523494374586,0.2102,0.0,0.0,0.0
4,Ethiopia,2023-02-01,7,2.0794415416798357,27,0,2.0,10.0,1560,0.5519523494374586,0.2102,0.0,0.0,0.0
4,Ethiopia,2023-03-01,15,2.772588722239781,28,0,2.0,10.0,1560,0.5519523494374586,0.2102,0.0,0.0,0.0
4,Ethiopia,2023-04-01,24,3.2188758248682006,29,0,2.0,10.0,1560,0.5519523494374586,0.2102,0.0,0.0,0.0
4,Ethiopia,2023-05-01,13,2.6390573296152584,30,0,2.0,10.0,1560,0.5519523494374586,0.2102,0.0,0.0,0.0
4,Ethiopia,2023-06-01,8,2.1972245773362196,31,0,2.0,10.0,1560,0.5519523494374586,0.2102,0.0,0.0,0.0
4,Ethiopia,2023-07-01,9,2.302585092994046,32,0,2.0,10.0,1560,0.5519523494374586,0.2102,0.0,0.0,0.0
4,Ethiopia,2023-08-01,16,2.833213344056216,33,0,2.0,10.0,1560,0.5519523494374586,0.2102,0.0,0.0,0.0
4,Ethiopia,2023-09-01,15,2.772588722239781,34,0,2.0,10.0,1560,0.5519523494374586,0.2102,0.0,0.0,0.0
4,Ethiopia,2023-10-01,9,2.302585092994046,35,0,2.0,10.0,1560,0.5519523494374586,0.2102,0.0,0.0,0.0
4,Ethiopia,2023-11-01,20,3.044522437723423,36,0,2.0,10.0,1560,0.5519523494374586,0.2102,0.0,0.0,0.0
4,Ethiopia,2023-12-01,19,2.995732273553991,37,0,2.0,10.0,1560,0.5519523494374586,0.2102,0.0,0.0,0.0
4,Ethiopia,2024-01-01,10,2.3978952727983707,38,0,2.0,10.0,1560,0.5519523494374586,0.2102,0.0,0.0,0.0
4,Ethiopia,2024-02-01,15,2.772588722239781,39,0,2.0,10.0,1560,0.5519523494374586,0.2102,0.0,0.0,0.0
4,Ethiopia,2024-03-01,5,1.791759469228055,40,0,2.0,10.0,1560,0.5519523494374586,0.2102,0.0,0.0,0.0
4,Ethiopia,2024-04-01,18,2.9444389791664403,41,0,2.0,10.0,1560,0.5519523494374586,0.2102,0.0,0.0,0.0
4,Ethiopia,2024-05-01,11,2.4849066497880004,42,0,2.0,10.0,1560,0.5519523494374586,0.2102,0.0,0.0,0.0
4,Ethiopia,2024-06-01,5,1.791759469228055,43,0,2.0,10.0,1560,0.5519523494374586,0.2102,0.0,0.0,0.0
4,Ethiopia,2024-07-01,15,2.772588722239781,44,0,2.0,10.0,1560,0.5519523494374586,0.2102,0.0,0.0,0.0
4,Ethiopia,2024-08-01,21,3.091042453358316,45,0,2.0,10.0,1560,0.5519523494374586,0.2102,0.0,0.0,0.0
4,Ethiopia,2024-09-01,13,2.6390573296152584,46,0,2.0,10.0,1560,0.5519523494374586,0.2102,0.0,0.0,0.0
4,Ethiopia,2024-10-01,16,2.833213344056216,47,0,2.0,10.0,1560,0.5519523494374586,0.2102,0.0,0.0,0.0
4,Ethiopia,2024-11-01,13,2.6390573296152584,48,0,2.0,10.0,1560,0.5519523494374586,0.2102,0.0,0.0,0.0
4,Ethiopia,2024-12-01,7,2.0794415416798357,49,0,2.0,10.0,1560,0.5519523494374586,0.2102,0.0,0.0,0.0
4,Ethiopia,2025-01-01,31,3.4657359027997265,50,0,2.0,10.0,1560,0.5519523494374586,0.2102,0.0,0.0,0.0
4,Ethiopia,2025-02-01,36,3.6109179126442243,51,0,2.0,10.0,1560,0.5519523494374586,0.2102,0.0,0.0,0.0
5,Gaza and the Occupied Palestinian Territories,2023-10-01,7299,8.895629627136483,0,1,4.0,3.3,496,0.17398345968297727,0.3153,0.014625066477574899,0.21268392129055133,0.401170005318206
5,Gaza and the Occupied Palestinian Territories,2023-11-01,3692,8.214194414852564,1,1,4.0,3.3,496,0.17398345968297727,0.3153,0.014625066477574899,0.21268392129055133,0.401170005318206
5,Gaza and the Occupied Palestinian Territories,2023-12-01,2292,7.737616282857904,2,1,4.0,3.3,496,0.17398345968297727,0.3153,0.014625066477574899,0.21268392129055133,0.401170005318206
5,Gaza and the Occupied Palestinian Territories,2024-01-01,1049,6.956545443151569,3,1,4.0,3.3,496,0.17398345968297727,0.3153,0.014625066477574899,0.21268392129055133,0.401170005318206
5,Gaza and the Occupied Palestinian Territories,2024-02-01,682,6.52649485957079,4,0,4.0,3.3,496,0.17398345968297727,0.3153,0.014625066477574899,0.21268392129055133,0.401170005318206
5,Gaza and the Occupied Palestinian Territories,2024-03-01,638,6.459904454377535,5,0,4.0,3.3,496,0.17398345968297727,0.3153,0.014625066477574899,0.21268392129055133,0.401170005318206
5,Gaza and the Occupied Palestinian Territories,2024-04-01,773,6.651571873589727,6,0,4.0,3.3,496,0.17398345968297727,0.3153,0.014625066477574899,0.21268392129055133,0.401170005318206
5,Gaza and the Occupied Palestinian Territories,2024-05-01,710,6.566672429803241,7,0,4.0,3.3,496,0.17398345968297727,0.3153,0.014625066477574899,0.21268392129055133,0.401170005318206
5,Gaza and the Occupied Palestinian Territories,2024-06-01,424,6.052089168924417,8,0,4.0,3.3,496,0.17398345968297727,0.3153,0.014625066477574899,0.21268392129055133,0.401170005318206
5,Gaza and the Occupied Palestinian Territories,2024-07-01,408,6.013715156042802,9,0,4.0,3.3,496,0.17398345968297727,0.3153,0.014625066477574899,0.21268392129055133,0.401170005318206
5,Gaza and the Occupied Palestinian Territories,2024-08-01,593,6.386879319362645,10,0,4.0,3.3,496,0.17398345968297727,0.3153,0.014625066477574899,0.21268392129055133,0.401170005318206
5,Gaza and the Occupied Palestinian Territories,2024-09-01,628,6.444131256700441,11,0,4.0,3.3,496,0.17398345968297727,0.3153,0.014625066477574899,0.21268392129055133,0.401170005318206
5,Gaza and the Occupied Palestinian Territories,2024-10-01,2150,7.67368812926773,12,0,4.0,3.3,496,0.17398345968297727,0.3153,0.014625066477574899,0.21268392129055133,0.401170005318206
5,Gaza and the Occupied Palestinian Territories,2024-11-01,961,6.8690144506657065,13,0,4.0,3.3,496,0.17398345968297727,0.3153,0.014625066477574899,0.21268392129055133,0.401170005318206
5,Gaza and the Occupied Palestinian Territories,2024-12-01,377,5.934894195619588,14,0,4.0,3.3,496,0.17398345968297727,0.3153,0.014625066477574899,0.21268392129055133,0.401170005318206
5,Gaza and the Occupied Palestinian Territories,2025-01-01,2957,7.992268643270745,15,0,4.0,3.3,496,0.17398345968297727,0.3153,0.014625066477574899,0.21268392129055133,0.401170005318206
5,Gaza and the Occupied Palestinian Territories,2025-02-01,3387,8.127995055771946,16,0,4.0,3.3,496,0.17398345968297727,0.3153,0.014625066477574899,0.21268392129055133,0.401170005318206
6,Myanmar,2017-08-01,41,3.7376696182833684,0,1,1.1,19.9,2748,0.4078663793103448,0.1751,0.0,0.0,0.0
6,Myanmar,2017-09-01,190,5.25227342804663,1,1,1.1,19.9,2748,0.4078663793103448,0.1751,0.0,0.0,0.0
6,Myanmar,2017-10-01,80,4.394449154672439,2,1,1.1,19.9,2748,0.4078663793103448,0.1751,0.0,0.0,0.0
6,Myanmar,2017-11-01,75,4.330733340286331,3,1,1.1,19.9,2748,0.4078663793103448,0.1751,0.0,0.0,0.0
6,Myanmar,2017-12-01,59,4.0943445622221,4,0,1.1,19.9,2748,0.4078663793103448,0.1751,0.0,0.0,0.0
6,Myanmar,2018-01-01,17,2.8903717578961645,5,0,1.1,19.9,2748,0.4078663793103448,0.1751,0.0,0.0,0.0
6,Myanmar,2018-02-01,25,3.258096538021482,6,0,1.1,19.9,2748,0.4078663793103448,0.1751,0.0,0.0,0.0
6,Myanmar,2018-03-01,26,3.295836866004329,7,0,1.1,19.9,2748,0.4078663793103448,0.1751,0.0,0.0,0.0
6,Myanmar,2018-04-01,28,3.367295829986474,8,0,1.1,19.9,2748,0.4078663793103448,0.1751,0.0,0.0,0.0
6,Myanmar,2018-05-01,15,2.772588722239781,9,0,1.1,19.9,2748,0.4078663793103448,0.1751,0.0,0.0,0.0
6,Myanmar,2018-06-01,10,2.3978952727983707,10,0,1.1,19.9,2748,0.4078663793103448,0.1751,0.0,0.0,0.0
6,Myanmar,2018-07-01,15,2.772588722239781,11,0,1.1,19.9,2748,0.4078663793103448,0.1751,0.0,0.0,0.0
6,Myanmar,2018-08-01,48,3.8918202981106265,12,0,1.1,19.9,2748,0.4078663793103448,0.1751,0.0,0.0,0.0
6,Myanmar,2018-09-01,23,3.1780538303479458,13,0,1.1,19.9,2748,0.4078663793103448,0.1751,0.0,0.0,0.0
6,Myanmar,2018-10-01,13,2.6390573296152584,14,0,1.1,19.9,2748,0.4078663793103448,0.1751,0.0,0.0,0.0
6,Myanmar,2018-11-01,19,2.995732273553991,15,0,1.1,19.9,2748,0.4078663793103448,0.1751,0.0,0.0,0.0
6,Myanmar,2018-12-01,15,2.772588722239781,16,0,1.1,19.9,2748,0.4078663793103448,0.1751,0.0,0.0,0.0
6,Myanmar,2019-01-01,10,2.3978952727983707,17,0,1.1,19.9,2748,0.4078663793103448,0.1751,0.0,0.0,0.0
6,Myanmar,2019-02-01,7,2.0794415416798357,18,0,1.1,19.9,2748,0.4078663793103448,0.1751,0.0,0.0,0.0
6,Myanmar,2019-03-01,11,2.4849066497880004,19,0,1.1,19.9,2748,0.4078663793103448,0.1751,0.0,0.0,0.0
6,Myanmar,2019-04-01,1,0.6931471805599453,20,0,1.1,19.9,2748,0.4078663793103448,0.1751,0.0,0.0,0.0
6,Myanmar,2019-05-01,16,2.833213344056216,21,0,1.1,19.9,2748,0.4078663793103448,0.1751,0.0,0.0,0.0
6,Myanmar,2019-06-01,12,2.5649493574615367,22,0,1.1,19.9,2748,0.4078663793103448,0.1751,0.0,0.0,0.0
6,Myanmar,2019-07-01,11,2.4849066497880004,23,0,1.1,19.9,2748,0.4078663793103448,0.1751,0.0,0.0,0.0
6,Myanmar,2019-08-01,33,3.5263605246161616,24,0,1.1,19.9,2748,0.4078663793103448,0.1751,0.0,0.0,0.0
6,Myanmar,2019-09-01,12,2.5649493574615367,25,0,1.1,19.9,2748,0.4078663793103448,0.1751,0.0,0.0,0.0
6,Myanmar,2019-10-01,5,1.791759469228055,26,0,1.1,19.9,2748,0.4078663793103448,0.1751,0.0,0.0,0.0
6,Myanmar,2019-11-01,8,2.1972245773362196,27,0,1.1,19.9,2748,0.4078663793103448,0.1751,0.0,0.0,0.0
6,Myanmar,2019-12-01,25,3.258096538021482,28,0,1.1,19.9,2748,0.4078663793103448,0.1751,0.0,0.0,0.0
6,Myanmar,2020-01-01,11,2.4849066497880004,29,0,1.1,19.9,2748,0.4078663793103448,0.1751,0.0,0.0,0.0
6,Myanmar,2020-02-01,6,1.9459101490553132,30,0,1.1,19.9,2748,0.4078663793103448,0.1751,0.0,0.0,0.0
6,Myanmar,2020-03-01,6,1.9459101490553132,31,0,1.1,19.9,2748,0.4078663793103448,0.1751,0.0,0.0,0.0
6,Myanmar,2020-04-01,5,1.791759469228055,32,0,1.1,19.9,2748,0.4078663793103448,0.1751,0.0,0.0,0.0
6,Myanmar,2020-05-01,9,2.302585092994046,33,0,1.1,19.9,2748,0.4078663793103448,0.1751,0.0,0.0,0.0
6,Myanmar,2020-06-01,9,2.302585092994046,34,0,1.1,19.9,2748,0.4078663793103448,0.1751,0.0,0.0,0.0
6,Myanmar,2020-07-01,7,2.0794415416798357,35,0,1.1,19.9,2748,0.4078663793103448,0.1751,0.0,0.0,0.0
6,Myanmar,2020-08-01,9,2.302585092994046,36,0,1.1,19.9,2748,0.4078663793103448,0.1751,0.0,0.0,0.0
6,Myanmar,2020-09-01,14,2.70805020110221,37,0,1.1,19.9,2748,0.4078663793103448,0.1751,0.0,0.0,0.0
6,Myanmar,2020-10-01,7,2.0794415416798357,38,0,1.1,19.9,2748,0.4078663793103448,0.1751,0.0,0.0,0.0
6,Myanmar,2020-11-01,19,2.995732273553991,39,0,1.1,19.9,2748,0.4078663793103448,0.1751,0.0,0.0,0.0
6,Myanmar,2020-12-01,25,3.258096538021482,40,0,1.1,19.9,2748,0.4078663793103448,0.1751,0.0,0.0,0.0
6,Myanmar,2021-01-01,7,2.0794415416798357,41,0,1.1,19.9,2748,0.4078663793103448,0.1751,0.0,0.0,0.0
6,Myanmar,2021-02-01,115,4.7535901911063645,42,0,1.1,19.9,2748,0.4078663793103448,0.1751,0.0,0.0,0.0
6,Myanmar,2021-03-01,67,4.219507705176107,43,0,1.1,19.9,2748,0.4078663793103448,0.1751,0.0,0.0,0.0
6,Myanmar,2021-04-01,30,3.4339872044851463,44,0,1.1,19.9,2748,0.4078663793103448,0.1751,0.0,0.0,0.0
6,Myanmar,2021-05-01,16,2.833213344056216,45,0,1.1,19.9,2748,0.4078663793103448,0.1751,0.0,0.0,0.0
6,Myanmar,2021-06-01,19,2.995732273553991,46,0,1.1,19.9,2748,0.4078663793103448,0.1751,0.0,0.0,0.0
6,Myanmar,2021-07-01,22,3.1354942159291497,47,0,1.1,19.9,2748,0.4078663793103448,0.1751,0.0,0.0,0.0
6,Myanmar,2021-08-01,16,2.833213344056216,48,0,1.1,19.9,2748,0.4078663793103448,0.1751,0.0,0.0,0.0
6,Myanmar,2021-09-01,15,2.772588722239781,49,0,1.1,19.9,2748,0.4078663793103448,0.1751,0.0,0.0,0.0
6,Myanmar,2021-10-01,12,2.5649493574615367,50,0,1.1,19.9,2748,0.4078663793103448,0.1751,0.0,0.0,0.0
6,Myanmar,2021-11-01,17,2.8903717578961645,51,0,1.1,19.9,2748,0.4078663793103448,0.1751,0.0,0.0,0.0
6,Myanmar,2021-12-01,38,3.6635616461296463,52,0,1.1,19.9,2748,0.4078663793103448,0.1751,0.0,0.0,0.0
6,Myanmar,2022-01-01,13,2.6390573296152584,53,0,1.1,19.9,2748,0.4078663793103448,0.1751,0.0,0.0,0.0
6,Myanmar,2022-02-01,10,2.3978952727983707,54,0,1.1,19.9,2748,0.4078663793103448,0.1751,0.0,0.0,0.0
6,Myanmar,2022-03-01,27,3.332204510175204,55,0,1.1,19.9,2748,0.4078663793103448,0.1751,0.0,0.0,0.0
6,Myanmar,2022-04-01,11,2.4849066497880004,56,0,1.1,19.9,2748,0.4078663793103448,0.1751,0.0,0.0,0.0
6,Myanmar,2022-05-01,3,1.3862943611198906,57,0,1.1,19.9,2748,0.4078663793103448,0.1751,0.0,0.0,0.0
6,Myanmar,2022-06-01,7,2.0794415416798357,58,0,1.1,19.9,2748,0.4078663793103448,0.1751,0.0,0.0,0.0
6,Myanmar,2022-07-01,9,2.302585092994046,59,0,1.1,19.9,2748,0.4078663793103448,0.1751,0.0,0.0,0.0
6,Myanmar,2022-08-01,33,3.5263605246161616,60,0,1.1,19.9,2748,0.4078663793103448,0.1751,0.0,0.0,0.0
6,Myanmar,2022-09-01,12,2.5649493574615367,61,0,1.1,19.9,2748,0.4078663793103448,0.1751,0.0,0.0,0.0
6,Myanmar,2022-10-01,13,2.6390573296152584,62,0,1.1,19.9,2748,0.4078663793103448,0.1751,0.0,0.0,0.0
6,Myanmar,2022-11-01,4,1.6094379124341003,63,0,1.1,19.9,2748,0.4078663793103448,0.1751,0.0,0.0,0.0
6,Myanmar,2022-12-01,16,2.833213344056216,64,0,1.1,19.9,2748,0.4078663793103448,0.1751,0.0,0.0,0.0
6,Myanmar,2023-01-01,16,2.833213344056216,65,0,1.1,19.9,2748,0.4078663793103448,0.1751,0.0,0.0,0.0
6,Myanmar,2023-02-01,7,2.0794415416798357,66,0,1.1,19.9,2748,0.4078663793103448,0.1751,0.0,0.0,0.0
6,Myanmar,2023-03-01,24,3.2188758248682006,67,0,1.1,19.9,2748,0.4078663793103448,0.1751,0.0,0.0,0.0
6,Myanmar,2023-04-01,4,1.6094379124341003,68,0,1.1,19.9,2748,0.4078663793103448,0.1751,0.0,0.0,0.0
6,Myanmar,2023-05-01,17,2.8903717578961645,69,0,1.1,19.9,2748,0.4078663793103448,0.1751,0.0,0.0,0.0
6,Myanmar,2023-06-01,5,1.791759469228055,70,0,1.1,19.9,2748,0.4078663793103448,0.1751,0.0,0.0,0.0
6,Myanmar,2023-07-01,12,2.5649493574615367,71,0,1.1,19.9,2748,0.4078663793103448,0.1751,0.0,0.0,0.0
6,Myanmar,2023-08-01,17,2.8903717578961645,72,0,1.1,19.9,2748,0.4078663793103448,0.1751,0.0,0.0,0.0
6,Myanmar,2023-09-01,5,1.791759469228055,73,0,1.1,19.9,2748,0.4078663793103448,0.1751,0.0,0.0,0.0
6,Myanmar,2023-10-01,6,1.9459101490553132,74,0,1.1,19.9,2748,0.4078663793103448,0.1751,0.0,0.0,0.0
6,Myanmar,2023-11-01,15,2.772588722239781,75,0,1.1,19.9,2748,0.4078663793103448,0.1751,0.0,0.0,0.0
6,Myanmar,2023-12-01,18,2.9444389791664403,76,0,1.1,19.9,2748,0.4078663793103448,0.1751,0.0,0.0,0.0
6,Myanmar,2024-01-01,13,2.6390573296152584,77,0,1.1,19.9,2748,0.4078663793103448,0.1751,0.0,0.0,0.0
6,Myanmar,2024-02-01,9,2.302585092994046,78,0,1.1,19.9,2748,0.4078663793103448,0.1751,0.0,0.0,0.0
6,Myanmar,2024-03-01,9,2.302585092994046,79,0,1.1,19.9,2748,0.4078663793103448,0.1751,0.0,0.0,0.0
6,Myanmar,2024-04-01,8,2.1972245773362196,80,0,1.1,19.9,2748,0.4078663793103448,0.1751,0.0,0.0,0.0
6,Myanmar,2024-05-01,18,2.9444389791664403,81,0,1.1,19.9,2748,0.4078663793103448,0.1751,0.0,0.0,0.0
6,Myanmar,2024-06-01,12,2.5649493574615367,82,0,1.1,19.9,2748,0.4078663793103448,0.1751,0.0,0.0,0.0
6,Myanmar,2024-07-01,4,1.6094379124341003,83,0,1.1,19.9,2748,0.4078663793103448,0.1751,0.0,0.0,0.0
6,Myanmar,2024-08-01,26,3.295836866004329,84,0,1.1,19.9,2748,0.4078663793103448,0.1751,0.0,0.0,0.0
6,Myanmar,2024-09-01,6,1.9459101490553132,85,0,1.1,19.9,2748,0.4078663793103448,0.1751,0.0,0.0,0.0
6,Myanmar,2024-10-01,11,2.4849066497880004,86,0,1.1,19.9,2748,0.4078663793103448,0.1751,0.0,0.0,0.0
6,Myanmar,2024-11-01,10,2.3978952727983707,87,0,1.1,19.9,2748,0.4078663793103448,0.1751,0.0,0.0,0.0
6,Myanmar,2024-12-01,4,1.6094379124341003,88,0,1.1,19.9,2748,0.4078663793103448,0.1751,0.0,0.0,0.0
6,Myanmar,2025-01-01,35,3.58351893845611,89,0,1.1,19.9,2748,0.4078663793103448,0.1751,0.0,0.0,0.0
6,Myanmar,2025-02-01,36,3.6109179126442243,90,0,1.1,19.9,2748,0.4078663793103448,0.1751,0.0,0.0,0.0
7,Sudan,2023-04-01,498,6.212606095751519,0,1,10.28,30.4,679,0.4156660949113779,0.2932,0.0,0.0,0.0
7,Sudan,2023-05-01,130,4.875197323201151,1,1,10.28,30.4,679,0.4156660949113779,0.2932,0.0,0.0,0.0
7,Sudan,2023-06-01,55,4.02535169073515,2,1,10.28,30.4,679,0.4156660949113779,0.2932,0.0,0.0,0.0
7,Sudan,2023-07-01,48,3.8918202981106265,3,1,10.28,30.4,679,0.4156660949113779,0.2932,0.0,0.0,0.0
7,Sudan,2023-08-01,45,3.828641396489095,4,0,10.28,30.4,679,0.4156660949113779,0.2932,0.0,0.0,0.0
7,Sudan,2023-09-01,45,3.828641396489095,5,0,10.28,30.4,679,0.4156660949113779,0.2932,0.0,0.0,0.0
7,Sudan,2023-10-01,56,4.04305126783455,6,0,10.28,30.4,679,0.4156660949113779,0.2932,0.0,0.0,0.0
7,Sudan,2023-11-01,57,4.060443010546419,7,0,10.28,30.4,679,0.4156660949113779,0.2932,0.0,0.0,0.0
7,Sudan,2023-12-01,57,4.060443010546419,8,0,10.28,30.4,679,0.4156660949113779,0.2932,0.0,0.0,0.0
7,Sudan,2024-01-01,33,3.5263605246161616,9,0,10.28,30.4,679,0.4156660949113779,0.2932,0.0,0.0,0.0
7,Sudan,2024-02-01,34,3.5553480614894135,10,0,10.28,30.4,679,0.4156660949113779,0.2932,0.0,0.0,0.0
7,Sudan,2024-03-01,37,3.6375861597263857,11,0,10.28,30.4,679,0.4156660949113779,0.2932,0.0,0.0,0.0
7,Sudan,2024-04-01,116,4.762173934797756,12,0,10.28,30.4,679,0.4156660949113779,0.2932,0.0,0.0,0.0
7,Sudan,2024-05-01,41,3.7376696182833684,13,0,10.28,30.4,679,0.4156660949113779,0.2932,0.0,0.0,0.0
7,Sudan,2024-06-01,59,4.0943445622221,14,0,10.28,30.4,679,0.4156660949113779,0.2932,0.0,0.0,0.0
7,Sudan,2024-07-01,34,3.5553480614894135,15,0,10.28,30.4,679,0.4156660949113779,0.2932,0.0,0.0,0.0
7,Sudan,2024-08-01,46,3.8501476017100584,16,0,10.28,30.4,679,0.4156660949113779,0.2932,0.0,0.0,0.0
7,Sudan,2024-09-01,40,3.713572066704308,17,0,10.28,30.4,679,0.4156660949113779,0.2932,0.0,0.0,0.0
7,Sudan,2024-10-01,44,3.8066624897703196,18,0,10.28,30.4,679,0.4156660949113779,0.2932,0.0,0.0,0.0
7,Sudan,2024-11-01,44,3.8066624897703196,19,0,10.28,30.4,679,0.4156660949113779,0.2932,0.0,0.0,0.0
7,Sudan,2024-12-01,30,3.4339872044851463,20,0,10.28,30.4,679,0.4156660949113779,0.2932,0.0,0.0,0.0
7,Sudan,2025-01-01,95,4.564348191467836,21,0,10.28,30.4,679,0.4156660949113779,0.2932,0.0,0.0,0.0
7,Sudan,2025-02-01,105,4.663439094112067,22,0,10.28,30.4,679,0.4156660949113779,0.2932,0.0,0.0,0.0
8,Syria,2011-03-01,62,4.143134726391533,0,1,8.58,16.7,5093,0.25166002656042497,1.2177,0.0,0.0,0.0
8,Syria,2011-04-01,57,4.060443010546419,1,1,8.58,16.7,5093,0.25166002656042497,1.2177,0.0,0.0,0.0
8,Syria,2011-05-01,38,3.6635616461296463,2,1,8.58,16.7,5093,0.25166002656042497,1.2177,0.0,0.0,0.0
8,Syria,2011-06-01,50,3.9318256327243257,3,1,8.58,16.7,5093,0.25166002656042497,1.2177,0.0,0.0,0.0
8,Syria,2011-07-01,24,3.2188758248682006,4,0,8.58,16.7,5093,0.25166002656042497,1.2177,0.0,0.0,0.0
8,Syria,2011-08-01,58,4.07753744390572,5,0,8.58,16.7,5093,0.25166002656042497,1.2177,0.0,0.0,0.0
8,Syria,2011-09-01,37,3.6375861597263857,6,0,8.58,16.7,5093,0.25166002656042497,1.2177,0.0,0.0,0.0
8,Syria,2011-10-01,50,3.9318256327243257,7,0,8.58,16.7,5093,0.25166002656042497,1.2177,0.0,0.0,0.0
8,Syria,2011-11-01,29,3.4011973816621555,8,0,8.58,16.7,5093,0.25166002656042497,1.2177,0.0,0.0,0.0
8,Syria,2011-12-01,55,4.02535169073515,9,0,8.58,16.7,5093,0.25166002656042497,1.2177,0.0,0.0,0.0
8,Syria,2012-01-01,17,2.8903717578961645,10,0,8.58,16.7,5093,0.25166002656042497,1.2177,0.0,0.0,0.0
8,Syria,2012-02-01,24,3.2188758248682006,11,0,8.58,16.7,5093,0.25166002656042497,1.2177,0.0,0.0,0.0
8,Syria,2012-03-01,50,3.9318256327243257,12,0,8.58,16.7,5093,0.25166002656042497,1.2177,0.0,0.0,0.0
8,Syria,2012-04-01,13,2.6390573296152584,13,0,8.58,16.7,5093,0.25166002656042497,1.2177,0.0,0.0,0.0
8,Syria,2012-05-01,13,2.6390573296152584,14,0,8.58,16.7,5093,0.25166002656042497,1.2177,0.0,0.0,0.0
8,Syria,2012-06-01,20,3.044522437723423,15,0,8.58,16.7,5093,0.25166002656042497,1.2177,0.0,0.0,0.0
8,Syria,2012-07-01,58,4.07753744390572,16,0,8.58,16.7,5093,0.25166002656042497,1.2177,0.0,0.0,0.0
8,Syria,2012-08-01,28,3.367295829986474,17,0,8.58,16.7,5093,0.25166002656042497,1.2177,0.0,0.0,0.0
8,Syria,2012-09-01,23,3.1780538303479458,18,0,8.58,16.7,5093,0.25166002656042497,1.2177,0.0,0.0,0.0
8,Syria,2012-10-01,25,3.258096538021482,19,0,8.58,16.7,5093,0.25166002656042497,1.2177,0.0,0.0,0.0
8,Syria,2012-11-01,30,3.4339872044851463,20,0,8.58,16.7,5093,0.25166002656042497,1.2177,0.0,0.0,0.0
8,Syria,2012-12-01,40,3.713572066704308,21,0,8.58,16.7,5093,0.25166002656042497,1.2177,0.0,0.0,0.0
8,Syria,2013-01-01,43,3.784189633918261,22,0,8.58,16.7,5093,0.25166002656042497,1.2177,0.0,0.0,0.0
8,Syria,2013-02-01,24,3.2188758248682006,23,0,8.58,16.7,5093,0.25166002656042497,1.2177,0.0,0.0,0.0
8,Syria,2013-03-01,67,4.219507705176107,24,0,8.58,16.7,5093,0.25166002656042497,1.2177,0.0,0.0,0.0
8,Syria,2013-04-01,30,3.4339872044851463,25,0,8.58,16.7,5093,0.25166002656042497,1.2177,0.0,0.0,0.0
8,Syria,2013-05-01,63,4.1588830833596715,26,0,8.58,16.7,5093,0.25166002656042497,1.2177,0.0,0.0,0.0
8,Syria,2013-06-01,40,3.713572066704308,27,0,8.58,16.7,5093,0.25166002656042497,1.2177,0.0,0.0,0.0
8,Syria,2013-07-01,27,3.332204510175204,28,0,8.58,16.7,5093,0.25166002656042497,1.2177,0.0,0.0,0.0
8,Syria,2013-08-01,64,4.174387269895637,29,0,8.58,16.7,5093,0.25166002656042497,1.2177,0.0,0.0,0.0
8,Syria,2013-09-01,73,4.30406509320417,30,0,8.58,16.7,5093,0.25166002656042497,1.2177,0.0,0.0,0.0
8,Syria,2013-10-01,36,3.6109179126442243,31,0,8.58,16.7,5093,0.25166002656042497,1.2177,0.0,0.0,0.0
8,Syria,2013-11-01,29,3.4011973816621555,32,0,8.58,16.7,5093,0.25166002656042497,1.2177,0.0,0.0,0.0
8,Syria,2013-12-01,33,3.5263605246161616,33,0,8.58,16.7,5093,0.25166002656042497,1.2177,0.0,0.0,0.0
8,Syria,2014-01-01,61,4.127134385045092,34,0,8.58,16.7,5093,0.25166002656042497,1.2177,0.0,0.0,0.0
8,Syria,2014-02-01,41,3.7376696182833684,35,0,8.58,16.7,5093,0.25166002656042497,1.2177,0.0,0.0,0.0
8,Syria,2014-03-01,41,3.7376696182833684,36,0,8.58,16.7,5093,0.25166002656042497,1.2177,0.0,0.0,0.0
8,Syria,2014-04-01,25,3.258096538021482,37,0,8.58,16.7,5093,0.25166002656042497,1.2177,0.0,0.0,0.0
8,Syria,2014-05-01,39,3.6888794541139363,38,0,8.58,16.7,5093,0.25166002656042497,1.2177,0.0,0.0,0.0
8,Syria,2014-06-01,101,4.624972813284271,39,0,8.58,16.7,5093,0.25166002656042497,1.2177,0.0,0.0,0.0
8,Syria,2014-07-01,63,4.1588830833596715,40,0,8.58,16.7,5093,0.25166002656042497,1.2177,0.0,0.0,0.0
8,Syria,2014-08-01,129,4.867534450455582,41,0,8.58,16.7,5093,0.25166002656042497,1.2177,0.0,0.0,0.0
8,Syria,2014-09-01,103,4.6443908991413725,42,0,8.58,16.7,5093,0.25166002656042497,1.2177,0.0,0.0,0.0
8,Syria,2014-10-01,54,4.007333185232471,43,0,8.58,16.7,5093,0.25166002656042497,1.2177,0.0,0.0,0.0
8,Syria,2014-11-01,37,3.6375861597263857,44,0,8.58,16.7,5093,0.25166002656042497,1.2177,0.0,0.0,0.0
8,Syria,2014-12-01,44,3.8066624897703196,45,0,8.58,16.7,5093,0.25166002656042497,1.2177,0.0,0.0,0.0
8,Syria,2015-01-01,51,3.9512437185814275,46,0,8.58,16.7,5093,0.25166002656042497,1.2177,0.0,0.0,0.0
8,Syria,2015-02-01,83,4.430816798843313,47,0,8.58,16.7,5093,0.25166002656042497,1.2177,0.0,0.0,0.0
8,Syria,2015-03-01,130,4.875197323201151,48,0,8.58,16.7,5093,0.25166002656042497,1.2177,0.0,0.0,0.0
8,Syria,2015-04-01,59,4.0943445622221,49,0,8.58,16.7,5093,0.25166002656042497,1.2177,0.0,0.0,0.0
8,Syria,2015-05-01,63,4.1588830833596715,50,0,8.58,16.7,5093,0.25166002656042497,1.2177,0.0,0.0,0.0
8,Syria,2015-06-01,74,4.31748811353631,51,0,8.58,16.7,5093,0.25166002656042497,1.2177,0.0,0.0,0.0
8,Syria,2015-07-01,44,3.8066624897703196,52,0,8.58,16.7,5093,0.25166002656042497,1.2177,0.0,0.0,0.0
8,Syria,2015-08-01,66,4.204692619390966,53,0,8.58,16.7,5093,0.25166002656042497,1.2177,0.0,0.0,0.0
8,Syria,2015-09-01,233,5.455321115357702,54,0,8.58,16.7,5093,0.25166002656042497,1.2177,0.0,0.0,0.0
8,Syria,2015-10-01,135,4.912654885736052,55,0,8.58,16.7,5093,0.25166002656042497,1.2177,0.0,0.0,0.0
8,Syria,2015-11-01,105,4.663439094112067,56,0,8.58,16.7,5093,0.25166002656042497,1.2177,0.0,0.0,0.0
8,Syria,2015-12-01,127,4.852030263919617,57,0,8.58,16.7,5093,0.25166002656042497,1.2177,0.0,0.0,0.0
8,Syria,2016-01-01,74,4.31748811353631,58,0,8.58,16.7,5093,0.25166002656042497,1.2177,0.0,0.0,0.0
8,Syria,2016-02-01,96,4.574710978503383,59,0,8.58,16.7,5093,0.25166002656042497,1.2177,0.0,0.0,0.0
8,Syria,2016-03-01,104,4.653960350157523,60,0,8.58,16.7,5093,0.25166002656042497,1.2177,0.0,0.0,0.0
8,Syria,2016-04-01,58,4.07753744390572,61,0,8.58,16.7,5093,0.25166002656042497,1.2177,0.0,0.0,0.0
8,Syria,2016-05-01,69,4.248495242049359,62,0,8.58,16.7,5093,0.25166002656042497,1.2177,0.0,0.0,0.0
8,Syria,2016-06-01,63,4.1588830833596715,63,0,8.58,16.7,5093,0.25166002656042497,1.2177,0.0,0.0,0.0
8,Syria,2016-07-01,63,4.1588830833596715,64,0,8.58,16.7,5093,0.25166002656042497,1.2177,0.0,0.0,0.0
8,Syria,2016-08-01,93,4.543294782270004,65,0,8.58,16.7,5093,0.25166002656042497,1.2177,0.0,0.0,0.0
8,Syria,2016-09-01,71,4.276666119016055,66,0,8.58,16.7,5093,0.25166002656042497,1.2177,0.0,0.0,0.0
8,Syria,2016-10-01,73,4.30406509320417,67,0,8.58,16.7,5093,0.25166002656042497,1.2177,0.0,0.0,0.0
8,Syria,2016-11-01,57,4.060443010546419,68,0,8.58,16.7,5093,0.25166002656042497,1.2177,0.0,0.0,0.0
8,Syria,2016-12-01,115,4.7535901911063645,69,0,8.58,16.7,5093,0.25166002656042497,1.2177,0.0,0.0,0.0
8,Syria,2017-01-01,111,4.718498871295094,70,0,8.58,16.7,5093,0.25166002656042497,1.2177,0.0,0.0,0.0
8,Syria,2017-02-01,79,4.382026634673881,71,0,8.58,16.7,5093,0.25166002656042497,1.2177,0.0,0.0,0.0
8,Syria,2017-03-01,89,4.499809670330265,72,0,8.58,16.7,5093,0.25166002656042497,1.2177,0.0,0.0,0.0
8,Syria,2017-04-01,93,4.543294782270004,73,0,8.58,16.7,5093,0.25166002656042497,1.2177,0.0,0.0,0.0
8,Syria,2017-05-01,46,3.8501476017100584,74,0,8.58,16.7,5093,0.25166002656042497,1.2177,0.0,0.0,0.0
8,Syria,2017-06-01,45,3.828641396489095,75,0,8.58,16.7,5093,0.25166002656042497,1.2177,0.0,0.0,0.0
8,Syria,2017-07-01,36,3.6109179126442243,76,0,8.58,16.7,5093,0.25166002656042497,1.2177,0.0,0.0,0.0
8,Syria,2017-08-01,37,3.6375861597263857,77,0,8.58,16.7,5093,0.25166002656042497,1.2177,0.0,0.0,0.0
8,Syria,2017-09-01,24,3.2188758248682006,78,0,8.58,16.7,5093,0.25166002656042497,1.2177,0.0,0.0,0.0
8,Syria,2017-10-01,42,3.7612001156935624,79,0,8.58,16.7,5093,0.25166002656042497,1.2177,0.0,0.0,0.0
8,Syria,2017-11-01,50,3.9318256327243257,80,0,8.58,16.7,5093,0.25166002656042497,1.2177,0.0,0.0,0.0
8,Syria,2017-12-01,42,3.7612001156935624,81,0,8.58,16.7,5093,0.25166002656042497,1.2177,0.0,0.0,0.0
8,Syria,2018-01-01,27,3.332204510175204,82,0,8.58,16.7,5093,0.25166002656042497,1.2177,0.0,0.0,0.0
8,Syria,2018-02-01,55,4.02535169073515,83,0,8.58,16.7,5093,0.25166002656042497,1.2177,0.0,0.0,0.0
8,Syria,2018-03-01,66,4.204692619390966,84,0,8.58,16.7,5093,0.25166002656042497,1.2177,0.0,0.0,0.0
8,Syria,2018-04-01,82,4.418840607796598,85,0,8.58,16.7,5093,0.25166002656042497,1.2177,0.0,0.0,0.0
8,Syria,2018-05-01,40,3.713572066704308,86,0,8.58,16.7,5093,0.25166002656042497,1.2177,0.0,0.0,0.0
8,Syria,2018-06-01,35,3.58351893845611,87,0,8.58,16.7,5093,0.25166002656042497,1.2177,0.0,0.0,0.0
8,Syria,2018-07-01,50,3.9318256327243257,88,0,8.58,16.7,5093,0.25166002656042497,1.2177,0.0,0.0,0.0
8,Syria,2018-08-01,34,3.5553480614894135,89,0,8.58,16.7,5093,0.25166002656042497,1.2177,0.0,0.0,0.0
8,Syria,2018-09-01,36,3.6109179126442243,90,0,8.58,16.7,5093,0.25166002656042497,1.2177,0.0,0.0,0.0
8,Syria,2018-10-01,37,3.6375861597263857,91,0,8.58,16.7,5093,0.25166002656042497,1.2177,0.0,0.0,0.0
8,Syria,2018-11-01,38,3.6635616461296463,92,0,8.58,16.7,5093,0.25166002656042497,1.2177,0.0,0.0,0.0
8,Syria,2018-12-01,42,3.7612001156935624,93,0,8.58,16.7,5093,0.25166002656042497,1.2177,0.0,0.0,0.0
8,Syria,2019-01-01,49,3.912023005428146,94,0,8.58,16.7,5093,0.25166002656042497,1.2177,0.0,0.0,0.0
8,Syria,2019-02-01,41,3.7376696182833684,95,0,8.58,16.7,5093,0.25166002656042497,1.2177,0.0,0.0,0.0
8,Syria,2019-03-01,66,4.204692619390966,96,0,8.58,16.7,5093,0.25166002656042497,1.2177,0.0,0.0,0.0
8,Syria,2019-04-01,30,3.4339872044851463,97,0,8.58,16.7,5093,0.25166002656042497,1.2177,0.0,0.0,0.0
8,Syria,2019-05-01,21,3.091042453358316,98,0,8.58,16.7,5093,0.25166002656042497,1.2177,0.0,0.0,0.0
8,Syria,2019-06-01,36,3.6109179126442243,99,0,8.58,16.7,5093,0.25166002656042497,1.2177,0.0,0.0,0.0
8,Syria,2019-07-01,21,3.091042453358316,100,0,8.58,16.7,5093,0.25166002656042497,1.2177,0.0,0.0,0.0
8,Syria,2019-08-01,23,3.1780538303479458,101,0,8.58,16.7,5093,0.25166002656042497,1.2177,0.0,0.0,0.0
8,Syria,2019-09-01,22,3.1354942159291497,102,0,8.58,16.7,5093,0.25166002656042497,1.2177,0.0,0.0,0.0
8,Syria,2019-10-01,133,4.897839799950911,103,0,8.58,16.7,5093,0.25166002656042497,1.2177,0.0,0.0,0.0
8,Syria,2019-11-01,24,3.2188758248682006,104,0,8.58,16.7,5093,0.25166002656042497,1.2177,0.0,0.0,0.0
8,Syria,2019-12-01,27,3.332204510175204,105,0,8.58,16.7,5093,0.25166002656042497,1.2177,0.0,0.0,0.0
8,Syria,2020-01-01,46,3.8501476017100584,106,0,8.58,16.7,5093,0.25166002656042497,1.2177,0.0,0.0,0.0
8,Syria,2020-02-01,43,3.784189633918261,107,0,8.58,16.7,5093,0.25166002656042497,1.2177,0.0,0.0,0.0
8,Syria,2020-03-01,28,3.367295829986474,108,0,8.58,16.7,5093,0.25166002656042497,1.2177,0.0,0.0,0.0
8,Syria,2020-04-01,14,2.70805020110221,109,0,8.58,16.7,5093,0.25166002656042497,1.2177,0.0,0.0,0.0
8,Syria,2020-05-01,13,2.6390573296152584,110,0,8.58,16.7,5093,0.25166002656042497,1.2177,0.0,0.0,0.0
8,Syria,2020-06-01,32,3.4965075614664802,111,0,8.58,16.7,5093,0.25166002656042497,1.2177,0.0,0.0,0.0
8,Syria,2020-07-01,9,2.302585092994046,112,0,8.58,16.7,5093,0.25166002656042497,1.2177,0.0,0.0,0.0
8,Syria,2020-08-01,29,3.4011973816621555,113,0,8.58,16.7,5093,0.25166002656042497,1.2177,0.0,0.0,0.0
8,Syria,2020-09-01,24,3.2188758248682006,114,0,8.58,16.7,5093,0.25166002656042497,1.2177,0.0,0.0,0.0
8,Syria,2020-10-01,19,2.995732273553991,115,0,8.58,16.7,5093,0.25166002656042497,1.2177,0.0,0.0,0.0
8,Syria,2020-11-01,26,3.295836866004329,116,0,8.58,16.7,5093,0.25166002656042497,1.2177,0.0,0.0,0.0
8,Syria,2020-12-01,24,3.2188758248682006,117,0,8.58,16.7,5093,0.25166002656042497,1.2177,0.0,0.0,0.0
8,Syria,2021-01-01,23,3.1780538303479458,118,0,8.58,16.7,5093,0.25166002656042497,1.2177,0.0,0.0,0.0
8,Syria,2021-02-01,29,3.4011973816621555,119,0,8.58,16.7,5093,0.25166002656042497,1.2177,0.0,0.0,0.0
8,Syria,2021-03-01,106,4.672828834461906,120,0,8.58,16.7,5093,0.25166002656042497,1.2177,0.0,0.0,0.0
8,Syria,2021-04-01,27,3.332204510175204,121,0,8.58,16.7,5093,0.25166002656042497,1.2177,0.0,0.0,0.0
8,Syria,2021-05-01,44,3.8066624897703196,122,0,8.58,16.7,5093,0.25166002656042497,1.2177,0.0,0.0,0.0
8,Syria,2021-06-01,16,2.833213344056216,123,0,8.58,16.7,5093,0.25166002656042497,1.2177,0.0,0.0,0.0
8,Syria,2021-07-01,29,3.4011973816621555,124,0,8.58,16.7,5093,0.25166002656042497,1.2177,0.0,0.0,0.0
8,Syria,2021-08-01,63,4.1588830833596715,125,0,8.58,16.7,5093,0.25166002656042497,1.2177,0.0,0.0,0.0
8,Syria,2021-09-01,39,3.6888794541139363,126,0,8.58,16.7,5093,0.25166002656042497,1.2177,0.0,0.0,0.0
8,Syria,2021-10-01,38,3.6635616461296463,127,0,8.58,16.7,5093,0.25166002656042497,1.2177,0.0,0.0,0.0
8,Syria,2021-11-01,20,3.044522437723423,128,0,8.58,16.7,5093,0.25166002656042497,1.2177,0.0,0.0,0.0
8,Syria,2021-12-01,21,3.091042453358316,129,0,8.58,16.7,5093,0.25166002656042497,1.2177,0.0,0.0,0.0
8,Syria,2022-01-01,49,3.912023005428146,130,0,8.58,16.7,5093,0.25166002656042497,1.2177,0.0,0.0,0.0
8,Syria,2022-02-01,39,3.6888794541139363,131,0,8.58,16.7,5093,0.25166002656042497,1.2177,0.0,0.0,0.0
8,Syria,2022-03-01,48,3.8918202981106265,132,0,8.58,16.7,5093,0.25166002656042497,1.2177,0.0,0.0,0.0
8,Syria,2022-04-01,30,3.4339872044851463,133,0,8.58,16.7,5093,0.25166002656042497,1.2177,0.0,0.0,0.0
8,Syria,2022-05-01,17,2.8903717578961645,134,0,8.58,16.7,5093,0.25166002656042497,1.2177,0.0,0.0,0.0
8,Syria,2022-06-01,28,3.367295829986474,135,0,8.58,16.7,5093,0.25166002656042497,1.2177,0.0,0.0,0.0
8,Syria,2022-07-01,32,3.4965075614664802,136,0,8.58,16.7,5093,0.25166002656042497,1.2177,0.0,0.0,0.0
8,Syria,2022-08-01,30,3.4339872044851463,137,0,8.58,16.7,5093,0.25166002656042497,1.2177,0.0,0.0,0.0
8,Syria,2022-09-01,20,3.044522437723423,138,0,8.58,16.7,5093,0.25166002656042497,1.2177,0.0,0.0,0.0
8,Syria,2022-10-01,31,3.4657359027997265,139,0,8.58,16.7,5093,0.25166002656042497,1.2177,0.0,0.0,0.0
8,Syria,2022-11-01,21,3.091042453358316,140,0,8.58,16.7,5093,0.25166002656042497,1.2177,0.0,0.0,0.0
8,Syria,2022-12-01,8,2.1972245773362196,141,0,8.58,16.7,5093,0.25166002656042497,1.2177,0.0,0.0,0.0
8,Syria,2023-01-01,22,3.1354942159291497,142,0,8.58,16.7,5093,0.25166002656042497,1.2177,0.0,0.0,0.0
8,Syria,2023-02-01,196,5.2832037287379885,143,0,8.58,16.7,5093,0.25166002656042497,1.2177,0.0,0.0,0.0
8,Syria,2023-03-01,75,4.330733340286331,144,0,8.58,16.7,5093,0.25166002656042497,1.2177,0.0,0.0,0.0
8,Syria,2023-04-01,38,3.6635616461296463,145,0,8.58,16.7,5093,0.25166002656042497,1.2177,0.0,0.0,0.0
8,Syria,2023-05-01,83,4.430816798843313,146,0,8.58,16.7,5093,0.25166002656042497,1.2177,0.0,0.0,0.0
8,Syria,2023-06-01,27,3.332204510175204,147,0,8.58,16.7,5093,0.25166002656042497,1.2177,0.0,0.0,0.0
8,Syria,2023-07-01,37,3.6375861597263857,148,0,8.58,16.7,5093,0.25166002656042497,1.2177,0.0,0.0,0.0
8,Syria,2023-08-01,36,3.6109179126442243,149,0,8.58,16.7,5093,0.25166002656042497,1.2177,0.0,0.0,0.0
8,Syria,2023-09-01,56,4.04305126783455,150,0,8.58,16.7,5093,0.25166002656042497,1.2177,0.0,0.0,0.0
8,Syria,2023-10-01,107,4.68213122712422,151,0,8.58,16.7,5093,0.25166002656042497,1.2177,0.0,0.0,0.0
8,Syria,2023-11-01,94,4.553876891600541,152,0,8.58,16.7,5093,0.25166002656042497,1.2177,0.0,0.0,0.0
8,Syria,2023-12-01,52,3.970291913552122,153,0,8.58,16.7,5093,0.25166002656042497,1.2177,0.0,0.0,0.0
8,Syria,2024-01-01,85,4.454347296253507,154,0,8.58,16.7,5093,0.25166002656042497,1.2177,0.0,0.0,0.0
8,Syria,2024-02-01,42,3.7612001156935624,155,0,8.58,16.7,5093,0.25166002656042497,1.2177,0.0,0.0,0.0
8,Syria,2024-03-01,66,4.204692619390966,156,0,8.58,16.7,5093,0.25166002656042497,1.2177,0.0,0.0,0.0
8,Syria,2024-04-01,71,4.276666119016055,157,0,8.58,16.7,5093,0.25166002656042497,1.2177,0.0,0.0,0.0
8,Syria,2024-05-01,67,4.219507705176107,158,0,8.58,16.7,5093,0.25166002656042497,1.2177,0.0,0.0,0.0
8,Syria,2024-06-01,41,3.7376696182833684,159,0,8.58,16.7,5093,0.25166002656042497,1.2177,0.0,0.0,0.0
8,Syria,2024-07-01,59,4.0943445622221,160,0,8.58,16.7,5093,0.25166002656042497,1.2177,0.0,0.0,0.0
8,Syria,2024-08-01,58,4.07753744390572,161,0,8.58,16.7,5093,0.25166002656042497,1.2177,0.0,0.0,0.0
8,Syria,2024-09-01,65,4.189654742026425,162,0,8.58,16.7,5093,0.25166002656042497,1.2177,0.0,0.0,0.0
8,Syria,2024-10-01,85,4.454347296253507,163,0,8.58,16.7,5093,0.25166002656042497,1.2177,0.0,0.0,0.0
8,Syria,2024-11-01,76,4.343805421853684,164,0,8.58,16.7,5093,0.25166002656042497,1.2177,0.0,0.0,0.0
8,Syria,2024-12-01,852,6.748759547491679,165,0,8.58,16.7,5093,0.25166002656042497,1.2177,0.0,0.0,0.0
8,Syria,2025-01-01,600,6.398594934535208,166,0,8.58,16.7,5093,0.25166002656042497,1.2177,0.0,0.0,0.0
8,Syria,2025-02-01,534,6.282266746896006,167,0,8.58,16.7,5093,0.25166002656042497,1.2177,0.0,0.0,0.0
9,Ukraine,2022-02-01,3576,8.182279739259018,0,1,3.32,12.7,1103,0.2058768656716418,0.1663,0.038666508763619135,0.32460918995736615,0.23951918522027474
9,Ukraine,2022-03-01,3346,8.115819701211327,1,1,3.32,12.7,1103,0.2058768656716418,0.1663,0.038666508763619135,0.32460918995736615,0.23951918522027474
9,Ukraine,2022-04-01,1318,7.1846291527173145,2,1,3.32,12.7,1103,0.2058768656716418,0.1663,0.038666508763619135,0.32460918995736615,0.23951918522027474
9,Ukraine,2022-05-01,799,6.684611727667927,3,1,3.32,12.7,1103,0.2058768656716418,0.1663,0.038666508763619135,0.32460918995736615,0.23951918522027474
9,Ukraine,2022-06-01,635,6.455198563340122,4,0,3.32,12.7,1103,0.2058768656716418,0.1663,0.038666508763619135,0.32460918995736615,0.23951918522027474
9,Ukraine,2022-07-01,467,6.148468295917647,5,0,3.32,12.7,1103,0.2058768656716418,0.1663,0.038666508763619135,0.32460918995736615,0.23951918522027474
9,Ukraine,2022-08-01,443,6.095824562432225,6,0,3.32,12.7,1103,0.2058768656716418,0.1663,0.038666508763619135,0.32460918995736615,0.23951918522027474
9,Ukraine,2022-09-01,599,6.396929655216146,7,0,3.32,12.7,1103,0.2058768656716418,0.1663,0.038666508763619135,0.32460918995736615,0.23951918522027474
9,Ukraine,2022-10-01,562,6.333279628139691,8,0,3.32,12.7,1103,0.2058768656716418,0.1663,0.038666508763619135,0.32460918995736615,0.23951918522027474
9,Ukraine,2022-11-01,485,6.186208623900494,9,0,3.32,12.7,1103,0.2058768656716418,0.1663,0.038666508763619135,0.32460918995736615,0.23951918522027474
9,Ukraine,2022-12-01,437,6.082218910376446,10,0,3.32,12.7,1103,0.2058768656716418,0.1663,0.038666508763619135,0.32460918995736615,0.23951918522027474
9,Ukraine,2023-01-01,259,5.560681631015528,11,0,3.32,12.7,1103,0.2058768656716418,0.1663,0.038666508763619135,0.32460918995736615,0.23951918522027474
9,Ukraine,2023-02-01,819,6.709304340258298,12,0,3.32,12.7,1103,0.2058768656716418,0.1663,0.038666508763619135,0.32460918995736615,0.23951918522027474
9,Ukraine,2023-03-01,292,5.680172609017068,13,0,3.32,12.7,1103,0.2058768656716418,0.1663,0.038666508763619135,0.32460918995736615,0.23951918522027474
9,Ukraine,2023-04-01,190,5.25227342804663,14,0,3.32,12.7,1103,0.2058768656716418,0.1663,0.038666508763619135,0.32460918995736615,0.23951918522027474
9,Ukraine,2023-05-01,191,5.2574953720277815,15,0,3.32,12.7,1103,0.2058768656716418,0.1663,0.038666508763619135,0.32460918995736615,0.23951918522027474
9,Ukraine,2023-06-01,196,5.2832037287379885,16,0,3.32,12.7,1103,0.2058768656716418,0.1663,0.038666508763619135,0.32460918995736615,0.23951918522027474
9,Ukraine,2023-07-01,173,5.159055299214529,17,0,3.32,12.7,1103,0.2058768656716418,0.1663,0.038666508763619135,0.32460918995736615,0.23951918522027474
9,Ukraine,2023-08-01,164,5.10594547390058,18,0,3.32,12.7,1103,0.2058768656716418,0.1663,0.038666508763619135,0.32460918995736615,0.23951918522027474
9,Ukraine,2023-09-01,175,5.170483995038151,19,0,3.32,12.7,1103,0.2058768656716418,0.1663,0.038666508763619135,0.32460918995736615,0.23951918522027474
9,Ukraine,2023-10-01,178,5.187385805840755,20,0,3.32,12.7,1103,0.2058768656716418,0.1663,0.038666508763619135,0.32460918995736615,0.23951918522027474
9,Ukraine,2023-11-01,184,5.220355825078324,21,0,3.32,12.7,1103,0.2058768656716418,0.1663,0.038666508763619135,0.32460918995736615,0.23951918522027474
9,Ukraine,2023-12-01,213,5.365976015021851,22,0,3.32,12.7,1103,0.2058768656716418,0.1663,0.038666508763619135,0.32460918995736615,0.23951918522027474
9,Ukraine,2024-01-01,275,5.62040086571715,23,0,3.32,12.7,1103,0.2058768656716418,0.1663,0.038666508763619135,0.32460918995736615,0.23951918522027474
9,Ukraine,2024-02-01,946,6.853299093186078,24,0,3.32,12.7,1103,0.2058768656716418,0.1663,0.038666508763619135,0.32460918995736615,0.23951918522027474
9,Ukraine,2024-03-01,239,5.480638923341991,25,0,3.32,12.7,1103,0.2058768656716418,0.1663,0.038666508763619135,0.32460918995736615,0.23951918522027474
9,Ukraine,2024-04-01,276,5.6240175061873385,26,0,3.32,12.7,1103,0.2058768656716418,0.1663,0.038666508763619135,0.32460918995736615,0.23951918522027474
9,Ukraine,2024-05-01,291,5.676753802268282,27,0,3.32,12.7,1103,0.2058768656716418,0.1663,0.038666508763619135,0.32460918995736615,0.23951918522027474
9,Ukraine,2024-06-01,224,5.41610040220442,28,0,3.32,12.7,1103,0.2058768656716418,0.1663,0.038666508763619135,0.32460918995736615,0.23951918522027474
9,Ukraine,2024-07-01,207,5.337538079701318,29,0,3.32,12.7,1103,0.2058768656716418,0.1663,0.038666508763619135,0.32460918995736615,0.23951918522027474
9,Ukraine,2024-08-01,341,5.834810737062605,30,0,3.32,12.7,1103,0.2058768656716418,0.1663,0.038666508763619135,0.32460918995736615,0.23951918522027474
9,Ukraine,2024-09-01,341,5.834810737062605,31,0,3.32,12.7,1103,0.2058768656716418,0.1663,0.038666508763619135,0.32460918995736615,0.23951918522027474
9,Ukraine,2024-10-01,305,5.723585101952381,32,0,3.32,12.7,1103,0.2058768656716418,0.1663,0.038666508763619135,0.32460918995736615,0.23951918522027474
9,Ukraine,2024-11-01,423,6.049733455231958,33,0,3.32,12.7,1103,0.2058768656716418,0.1663,0.038666508763619135,0.32460918995736615,0.23951918522027474
9,Ukraine,2024-12-01,185,5.225746673713202,34,0,3.32,12.7,1103,0.2058768656716418,0.1663,0.038666508763619135,0.32460918995736615,0.23951918522027474
9,Ukraine,2025-01-01,654,6.484635235635252,35,0,3.32,12.7,1103,0.2058768656716418,0.1663,0.038666508763619135,0.32460918995736615,0.23951918522027474
9,Ukraine,2025-02-01,1032,6.940222469119639,36,0,3.32,12.7,1103,0.2058768656716418,0.1663,0.038666508763619135,0.32460918995736615,0.23951918522027474
10,Yemen,2014-09-01,42,3.7612001156935624,0,1,2.5,19.5,3813,0.3578307146477446,0.7283,0.0,0.0,0.0
10,Yemen,2014-10-01,12,2.5649493574615367,1,1,2.5,19.5,3813,0.3578307146477446,0.7283,0.0,0.0,0.0
10,Yemen,2014-11-01,11,2.4849066497880004,2,1,2.5,19.5,3813,0.3578307146477446,0.7283,0.0,0.0,0.0
10,Yemen,2014-12-01,20,3.044522437723423,3,1,2.5,19.5,3813,0.3578307146477446,0.7283,0.0,0.0,0.0
10,Yemen,2015-01-01,24,3.2188758248682006,4,0,2.5,19.5,3813,0.3578307146477446,0.7283,0.0,0.0,0.0
10,Yemen,2015-02-01,18,2.9444389791664403,5,0,2.5,19.5,3813,0.3578307146477446,0.7283,0.0,0.0,0.0
10,Yemen,2015-03-01,27,3.332204510175204,6,0,2.5,19.5,3813,0.3578307146477446,0.7283,0.0,0.0,0.0
10,Yemen,2015-04-01,37,3.6375861597263857,7,0,2.5,19.5,3813,0.3578307146477446,0.7283,0.0,0.0,0.0
10,Yemen,2015-05-01,15,2.772588722239781,8,0,2.5,19.5,3813,0.3578307146477446,0.7283,0.0,0.0,0.0
10,Yemen,2015-06-01,21,3.091042453358316,9,0,2.5,19.5,3813,0.3578307146477446,0.7283,0.0,0.0,0.0
10,Yemen,2015-07-01,9,2.302585092994046,10,0,2.5,19.5,3813,0.3578307146477446,0.7283,0.0,0.0,0.0
10,Yemen,2015-08-01,13,2.6390573296152584,11,0,2.5,19.5,3813,0.3578307146477446,0.7283,0.0,0.0,0.0
10,Yemen,2015-09-01,39,3.6888794541139363,12,0,2.5,19.5,3813,0.3578307146477446,0.7283,0.0,0.0,0.0
10,Yemen,2015-10-01,26,3.295836866004329,13,0,2.5,19.5,3813,0.3578307146477446,0.7283,0.0,0.0,0.0
10,Yemen,2015-11-01,15,2.772588722239781,14,0,2.5,19.5,3813,0.3578307146477446,0.7283,0.0,0.0,0.0
10,Yemen,2015-12-01,19,2.995732273553991,15,0,2.5,19.5,3813,0.3578307146477446,0.7283,0.0,0.0,0.0
10,Yemen,2016-01-01,31,3.4657359027997265,16,0,2.5,19.5,3813,0.3578307146477446,0.7283,0.0,0.0,0.0
10,Yemen,2016-02-01,18,2.9444389791664403,17,0,2.5,19.5,3813,0.3578307146477446,0.7283,0.0,0.0,0.0
10,Yemen,2016-03-01,13,2.6390573296152584,18,0,2.5,19.5,3813,0.3578307146477446,0.7283,0.0,0.0,0.0
10,Yemen,2016-04-01,10,2.3978952727983707,19,0,2.5,19.5,3813,0.3578307146477446,0.7283,0.0,0.0,0.0
10,Yemen,2016-05-01,16,2.833213344056216,20,0,2.5,19.5,3813,0.3578307146477446,0.7283,0.0,0.0,0.0
10,Yemen,2016-06-01,15,2.772588722239781,21,0,2.5,19.5,3813,0.3578307146477446,0.7283,0.0,0.0,0.0
10,Yemen,2016-07-01,7,2.0794415416798357,22,0,2.5,19.5,3813,0.3578307146477446,0.7283,0.0,0.0,0.0
10,Yemen,2016-08-01,6,1.9459101490553132,23,0,2.5,19.5,3813,0.3578307146477446,0.7283,0.0,0.0,0.0
10,Yemen,2016-09-01,10,2.3978952727983707,24,0,2.5,19.5,3813,0.3578307146477446,0.7283,0.0,0.0,0.0
10,Yemen,2016-10-01,21,3.091042453358316,25,0,2.5,19.5,3813,0.3578307146477446,0.7283,0.0,0.0,0.0
10,Yemen,2016-11-01,13,2.6390573296152584,26,0,2.5,19.5,3813,0.3578307146477446,0.7283,0.0,0.0,0.0
10,Yemen,2016-12-01,16,2.833213344056216,27,0,2.5,19.5,3813,0.3578307146477446,0.7283,0.0,0.0,0.0
10,Yemen,2017-01-01,37,3.6375861597263857,28,0,2.5,19.5,3813,0.3578307146477446,0.7283,0.0,0.0,0.0
10,Yemen,2017-02-01,15,2.772588722239781,29,0,2.5,19.5,3813,0.3578307146477446,0.7283,0.0,0.0,0.0
10,Yemen,2017-03-01,12,2.5649493574615367,30,0,2.5,19.5,3813,0.3578307146477446,0.7283,0.0,0.0,0.0
10,Yemen,2017-04-01,11,2.4849066497880004,31,0,2.5,19.5,3813,0.3578307146477446,0.7283,0.0,0.0,0.0
10,Yemen,2017-05-01,7,2.0794415416798357,32,0,2.5,19.5,3813,0.3578307146477446,0.7283,0.0,0.0,0.0
10,Yemen,2017-06-01,10,2.3978952727983707,33,0,2.5,19.5,3813,0.3578307146477446,0.7283,0.0,0.0,0.0
10,Yemen,2017-07-01,10,2.3978952727983707,34,0,2.5,19.5,3813,0.3578307146477446,0.7283,0.0,0.0,0.0
10,Yemen,2017-08-01,11,2.4849066497880004,35,0,2.5,19.5,3813,0.3578307146477446,0.7283,0.0,0.0,0.0
10,Yemen,2017-09-01,7,2.0794415416798357,36,0,2.5,19.5,3813,0.3578307146477446,0.7283,0.0,0.0,0.0
10,Yemen,2017-10-01,6,1.9459101490553132,37,0,2.5,19.5,3813,0.3578307146477446,0.7283,0.0,0.0,0.0
10,Yemen,2017-11-01,10,2.3978952727983707,38,0,2.5,19.5,3813,0.3578307146477446,0.7283,0.0,0.0,0.0
10,Yemen,2017-12-01,31,3.4657359027997265,39,0,2.5,19.5,3813,0.3578307146477446,0.7283,0.0,0.0,0.0
10,Yemen,2018-01-01,7,2.0794415416798357,40,0,2.5,19.5,3813,0.3578307146477446,0.7283,0.0,0.0,0.0
10,Yemen,2018-02-01,4,1.6094379124341003,41,0,2.5,19.5,3813,0.3578307146477446,0.7283,0.0,0.0,0.0
10,Yemen,2018-03-01,18,2.9444389791664403,42,0,2.5,19.5,3813,0.3578307146477446,0.7283,0.0,0.0,0.0
10,Yemen,2018-04-01,4,1.6094379124341003,43,0,2.5,19.5,3813,0.3578307146477446,0.7283,0.0,0.0,0.0
10,Yemen,2018-05-01,3,1.3862943611198906,44,0,2.5,19.5,3813,0.3578307146477446,0.7283,0.0,0.0,0.0
10,Yemen,2018-06-01,12,2.5649493574615367,45,0,2.5,19.5,3813,0.3578307146477446,0.7283,0.0,0.0,0.0
10,Yemen,2018-07-01,5,1.791759469228055,46,0,2.5,19.5,3813,0.3578307146477446,0.7283,0.0,0.0,0.0
10,Yemen,2018-08-01,20,3.044522437723423,47,0,2.5,19.5,3813,0.3578307146477446,0.7283,0.0,0.0,0.0
10,Yemen,2018-09-01,22,3.1354942159291497,48,0,2.5,19.5,3813,0.3578307146477446,0.7283,0.0,0.0,0.0
10,Yemen,2018-10-01,10,2.3978952727983707,49,0,2.5,19.5,3813,0.3578307146477446,0.7283,0.0,0.0,0.0
10,Yemen,2018-11-01,23,3.1780538303479458,50,0,2.5,19.5,3813,0.3578307146477446,0.7283,0.0,0.0,0.0
10,Yemen,2018-12-01,29,3.4011973816621555,51,0,2.5,19.5,3813,0.3578307146477446,0.7283,0.0,0.0,0.0
10,Yemen,2019-01-01,12,2.5649493574615367,52,0,2.5,19.5,3813,0.3578307146477446,0.7283,0.0,0.0,0.0
10,Yemen,2019-02-01,18,2.9444389791664403,53,0,2.5,19.5,3813,0.3578307146477446,0.7283,0.0,0.0,0.0
10,Yemen,2019-03-01,9,2.302585092994046,54,0,2.5,19.5,3813,0.3578307146477446,0.7283,0.0,0.0,0.0
10,Yemen,2019-04-01,7,2.0794415416798357,55,0,2.5,19.5,3813,0.3578307146477446,0.7283,0.0,0.0,0.0
10,Yemen,2019-05-01,4,1.6094379124341003,56,0,2.5,19.5,3813,0.3578307146477446,0.7283,0.0,0.0,0.0
10,Yemen,2019-06-01,6,1.9459101490553132,57,0,2.5,19.5,3813,0.3578307146477446,0.7283,0.0,0.0,0.0
10,Yemen,2019-07-01,10,2.3978952727983707,58,0,2.5,19.5,3813,0.3578307146477446,0.7283,0.0,0.0,0.0
10,Yemen,2019-08-01,14,2.70805020110221,59,0,2.5,19.5,3813,0.3578307146477446,0.7283,0.0,0.0,0.0
10,Yemen,2019-09-01,31,3.4657359027997265,60,0,2.5,19.5,3813,0.3578307146477446,0.7283,0.0,0.0,0.0
10,Yemen,2019-10-01,7,2.0794415416798357,61,0,2.5,19.5,3813,0.3578307146477446,0.7283,0.0,0.0,0.0
10,Yemen,2019-11-01,8,2.1972245773362196,62,0,2.5,19.5,3813,0.3578307146477446,0.7283,0.0,0.0,0.0
10,Yemen,2019-12-01,5,1.791759469228055,63,0,2.5,19.5,3813,0.3578307146477446,0.7283,0.0,0.0,0.0
10,Yemen,2020-01-01,5,1.791759469228055,64,0,2.5,19.5,3813,0.3578307146477446,0.7283,0.0,0.0,0.0
10,Yemen,2020-02-01,8,2.1972245773362196,65,0,2.5,19.5,3813,0.3578307146477446,0.7283,0.0,0.0,0.0
10,Yemen,2020-03-01,1,0.6931471805599453,66,0,2.5,19.5,3813,0.3578307146477446,0.7283,0.0,0.0,0.0
10,Yemen,2020-04-01,6,1.9459101490553132,67,0,2.5,19.5,3813,0.3578307146477446,0.7283,0.0,0.0,0.0
10,Yemen,2020-05-01,1,0.6931471805599453,68,0,2.5,19.5,3813,0.3578307146477446,0.7283,0.0,0.0,0.0
10,Yemen,2020-06-01,10,2.3978952727983707,69,0,2.5,19.5,3813,0.3578307146477446,0.7283,0.0,0.0,0.0
10,Yemen,2020-07-01,7,2.0794415416798357,70,0,2.5,19.5,3813,0.3578307146477446,0.7283,0.0,0.0,0.0
10,Yemen,2020-08-01,4,1.6094379124341003,71,0,2.5,19.5,3813,0.3578307146477446,0.7283,0.0,0.0,0.0
10,Yemen,2020-09-01,9,2.302585092994046,72,0,2.5,19.5,3813,0.3578307146477446,0.7283,0.0,0.0,0.0
10,Yemen,2020-10-01,6,1.9459101490553132,73,0,2.5,19.5,3813,0.3578307146477446,0.7283,0.0,0.0,0.0
10,Yemen,2020-11-01,7,2.0794415416798357,74,0,2.5,19.5,3813,0.3578307146477446,0.7283,0.0,0.0,0.0
10,Yemen,2020-12-01,17,2.8903717578961645,75,0,2.5,19.5,3813,0.3578307146477446,0.7283,0.0,0.0,0.0
10,Yemen,2021-01-01,14,2.70805020110221,76,0,2.5,19.5,3813,0.3578307146477446,0.7283,0.0,0.0,0.0
10,Yemen,2021-02-01,20,3.044522437723423,77,0,2.5,19.5,3813,0.3578307146477446,0.7283,0.0,0.0,0.0
10,Yemen,2021-03-01,12,2.5649493574615367,78,0,2.5,19.5,3813,0.3578307146477446,0.7283,0.0,0.0,0.0
10,Yemen,2021-04-01,3,1.3862943611198906,79,0,2.5,19.5,3813,0.3578307146477446,0.7283,0.0,0.0,0.0
10,Yemen,2021-05-01,12,2.5649493574615367,80,0,2.5,19.5,3813,0.3578307146477446,0.7283,0.0,0.0,0.0
10,Yemen,2021-06-01,8,2.1972245773362196,81,0,2.5,19.5,3813,0.3578307146477446,0.7283,0.0,0.0,0.0
10,Yemen,2021-07-01,5,1.791759469228055,82,0,2.5,19.5,3813,0.3578307146477446,0.7283,0.0,0.0,0.0
10,Yemen,2021-08-01,5,1.791759469228055,83,0,2.5,19.5,3813,0.3578307146477446,0.7283,0.0,0.0,0.0
10,Yemen,2021-09-01,20,3.044522437723423,84,0,2.5,19.5,3813,0.3578307146477446,0.7283,0.0,0.0,0.0
10,Yemen,2021-10-01,7,2.0794415416798357,85,0,2.5,19.5,3813,0.3578307146477446,0.7283,0.0,0.0,0.0
10,Yemen,2021-11-01,19,2.995732273553991,86,0,2.5,19.5,3813,0.3578307146477446,0.7283,0.0,0.0,0.0
10,Yemen,2021-12-01,10,2.3978952727983707,87,0,2.5,19.5,3813,0.3578307146477446,0.7283,0.0,0.0,0.0
10,Yemen,2022-01-01,9,2.302585092994046,88,0,2.5,19.5,3813,0.3578307146477446,0.7283,0.0,0.0,0.0
10,Yemen,2022-02-01,7,2.0794415416798357,89,0,2.5,19.5,3813,0.3578307146477446,0.7283,0.0,0.0,0.0
10,Yemen,2022-03-01,20,3.044522437723423,90,0,2.5,19.5,3813,0.3578307146477446,0.7283,0.0,0.0,0.0
10,Yemen,2022-04-01,11,2.4849066497880004,91,0,2.5,19.5,3813,0.3578307146477446,0.7283,0.0,0.0,0.0
10,Yemen,2022-05-01,2,1.0986122886681098,92,0,2.5,19.5,3813,0.3578307146477446,0.7283,0.0,0.0,0.0
10,Yemen,2022-06-01,5,1.791759469228055,93,0,2.5,19.5,3813,0.3578307146477446,0.7283,0.0,0.0,0.0
10,Yemen,2022-07-01,3,1.3862943611198906,94,0,2.5,19.5,3813,0.3578307146477446,0.7283,0.0,0.0,0.0
10,Yemen,2022-08-01,9,2.302585092994046,95,0,2.5,19.5,3813,0.3578307146477446,0.7283,0.0,0.0,0.0
10,Yemen,2022-09-01,7,2.0794415416798357,96,0,2.5,19.5,3813,0.3578307146477446,0.7283,0.0,0.0,0.0
10,Yemen,2022-10-01,8,2.1972245773362196,97,0,2.5,19.5,3813,0.3578307146477446,0.7283,0.0,0.0,0.0
10,Yemen,2022-11-01,1,0.6931471805599453,98,0,2.5,19.5,3813,0.3578307146477446,0.7283,0.0,0.0,0.0
10,Yemen,2022-12-01,3,1.3862943611198906,99,0,2.5,19.5,3813,0.3578307146477446,0.7283,0.0,0.0,0.0
10,Yemen,2023-01-01,14,2.70805020110221,100,0,2.5,19.5,3813,0.3578307146477446,0.7283,0.0,0.0,0.0
10,Yemen,2023-02-01,9,2.302585092994046,101,0,2.5,19.5,3813,0.3578307146477446,0.7283,0.0,0.0,0.0
10,Yemen,2023-03-01,10,2.3978952727983707,102,0,2.5,19.5,3813,0.3578307146477446,0.7283,0.0,0.0,0.0
10,Yemen,2023-04-01,26,3.295836866004329,103,0,2.5,19.5,3813,0.3578307146477446,0.7283,0.0,0.0,0.0
10,Yemen,2023-05-01,5,1.791759469228055,104,0,2.5,19.5,3813,0.3578307146477446,0.7283,0.0,0.0,0.0
10,Yemen,2023-06-01,3,1.3862943611198906,105,0,2.5,19.5,3813,0.3578307146477446,0.7283,0.0,0.0,0.0
10,Yemen,2023-07-01,9,2.302585092994046,106,0,2.5,19.5,3813,0.3578307146477446,0.7283,0.0,0.0,0.0
10,Yemen,2023-08-01,10,2.3978952727983707,107,0,2.5,19.5,3813,0.3578307146477446,0.7283,0.0,0.0,0.0
10,Yemen,2023-09-01,21,3.091042453358316,108,0,2.5,19.5,3813,0.3578307146477446,0.7283,0.0,0.0,0.0
10,Yemen,2023-10-01,33,3.5263605246161616,109,0,2.5,19.5,3813,0.3578307146477446,0.7283,0.0,0.0,0.0
10,Yemen,2023-11-01,45,3.828641396489095,110,0,2.5,19.5,3813,0.3578307146477446,0.7283,0.0,0.0,0.0
10,Yemen,2023-12-01,55,4.02535169073515,111,0,2.5,19.5,3813,0.3578307146477446,0.7283,0.0,0.0,0.0
10,Yemen,2024-01-01,101,4.624972813284271,112,0,2.5,19.5,3813,0.3578307146477446,0.7283,0.0,0.0,0.0
10,Yemen,2024-02-01,35,3.58351893845611,113,0,2.5,19.5,3813,0.3578307146477446,0.7283,0.0,0.0,0.0
10,Yemen,2024-03-01,25,3.258096538021482,114,0,2.5,19.5,3813,0.3578307146477446,0.7283,0.0,0.0,0.0
10,Yemen,2024-04-01,22,3.1354942159291497,115,0,2.5,19.5,3813,0.3578307146477446,0.7283,0.0,0.0,0.0
10,Yemen,2024-05-01,21,3.091042453358316,116,0,2.5,19.5,3813,0.3578307146477446,0.7283,0.0,0.0,0.0
10,Yemen,2024-06-01,18,2.9444389791664403,117,0,2.5,19.5,3813,0.3578307146477446,0.7283,0.0,0.0,0.0
10,Yemen,2024-07-01,15,2.772588722239781,118,0,2.5,19.5,3813,0.3578307146477446,0.7283,0.0,0.0,0.0
10,Yemen,2024-08-01,18,2.9444389791664403,119,0,2.5,19.5,3813,0.3578307146477446,0.7283,0.0,0.0,0.0
10,Yemen,2024-09-01,23,3.1780538303479458,120,0,2.5,19.5,3813,0.3578307146477446,0.7283,0.0,0.0,0.0
10,Yemen,2024-10-01,34,3.5553480614894135,121,0,2.5,19.5,3813,0.3578307146477446,0.7283,0.0,0.0,0.0
10,Yemen,2024-11-01,6,1.9459101490553132,122,0,2.5,19.5,3813,0.3578307146477446,0.7283,0.0,0.0,0.0
10,Yemen,2024-12-01,7,2.0794415416798357,123,0,2.5,19.5,3813,0.3578307146477446,0.7283,0.0,0.0,0.0
10,Yemen,2025-01-01,105,4.663439094112067,124,0,2.5,19.5,3813,0.3578307146477446,0.7283,0.0,0.0,0.0
10,Yemen,2025-02-01,23,3.1780538303479458,125,0,2.5,19.5,3813,0.3578307146477446,0.7283,0.0,0.0,0.0
